acc,f1,prec,rec,eval_f1,dataset,method,text_backbone,seed,logger_name,lr,dropout_prob,nheads,n_levels,attn_dropout,embed_dropout,weight_decay
74.38,70.01,70.73,70.25,0.7113,MIntRec,mag_bert,bert-base-uncased,0,mag_bert_MIntRec_multi-class_0_2025-12-02-16-10-53,2.5e-05,0.45,8,5,0.1,0.2,
74.38,70.01,70.73,70.25,0.7113,MIntRec,mag_bert,bert-base-uncased,0,mag_bert_MIntRec_multi-class_0_2025-12-04-07-07-27,2.5e-05,0.45,8,5,0.1,0.2,0.03
74.16,71.06,72.22,70.8,0.7048,MIntRec,mag_bert,bert-base-uncased,5,mag_bert_MIntRec_multi-class_5_2025-12-03-00-20-01,2e-05,0.3,8,5,0.1,0.2,
73.71,69.16,69.59,69.31,0.6995,MIntRec,mag_bert,bert-base-uncased,0,mag_bert_MIntRec_multi-class_0_2025-12-02-16-42-45,2e-05,0.4,8,5,0.1,0.2,
73.71,69.56,70.65,69.58,0.6946,MIntRec,mag_bert,bert-base-uncased,1,mag_bert_MIntRec_multi-class_1_2025-12-02-17-58-44,2e-05,0.6,8,5,0.1,0.2,
73.71,71.27,72.08,71.96,0.7084,MIntRec,mag_bert,bert-base-uncased,4,mag_bert_MIntRec_multi-class_4_2025-12-02-20-22-02,2.5e-05,0.4,8,5,0.1,0.2,
73.71,69.38,68.93,70.35,0.701,MIntRec,mag_bert,bert-base-uncased,5,mag_bert_MIntRec_multi-class_5_2025-12-02-21-48-18,2.5e-05,0.6,8,5,0.1,0.2,
73.71,69.82,71.78,69.41,0.6961,MIntRec,mag_bert,bert-base-uncased,3,mag_bert_MIntRec_multi-class_3_2025-12-03-01-58-03,1.5e-05,0.6,8,5,0.1,0.2,
73.48,70.17,71.88,69.56,0.6944,MIntRec,mag_bert,bert-base-uncased,0,mag_bert_MIntRec_multi-class_0_2025-12-02-15-40-57,3e-05,0.5,8,5,0.1,0.2,
73.48,69.18,70.66,68.91,0.6876,MIntRec,mag_bert,bert-base-uncased,8,mag_bert_MIntRec_multi-class_8_2025-12-03-01-30-47,2.5e-05,0.6,8,5,0.1,0.2,
73.48,70.78,71.13,70.99,0.6997,MIntRec,mag_bert,bert-base-uncased,8,mag_bert_MIntRec_multi-class_8_2025-12-03-03-02-14,2.9999999999999997e-05,0.45,8,5,0.1,0.2,
73.48,69.16,70.05,69.17,0.6901,MIntRec,mag_bert,bert-base-uncased,4,mag_bert_MIntRec_multi-class_4_2025-12-03-07-34-37,3.5e-05,0.6,8,5,0.1,0.2,
73.48,68.7,71.07,68.39,0.6934,MIntRec,mag_bert,bert-base-uncased,2,mag_bert_MIntRec_multi-class_2_2025-12-03-17-02-12,4e-05,0.45,8,5,0.1,0.2,
73.48,68.96,70.32,68.29,0.691,MIntRec,mag_bert,bert-base-uncased,5,mag_bert_MIntRec_multi-class_5_2025-12-03-17-52-18,3.5e-05,0.4,8,5,0.1,0.2,
73.48,69.0,69.64,69.45,0.6966,MIntRec,mag_bert,bert-base-uncased,0,mag_bert_MIntRec_multi-class_0_2025-12-04-07-07-52,2.5e-05,0.45,8,5,0.1,0.2,0.03
73.26,70.54,70.34,71.46,0.7175,MIntRec,mag_bert,bert-base-uncased,6,mag_bert_MIntRec_multi-class_6_2025-12-02-16-02-41,2.5e-05,0.45,8,5,0.1,0.2,
73.26,69.41,69.87,69.75,0.715,MIntRec,mag_bert,bert-base-uncased,6,mag_bert_MIntRec_multi-class_6_2025-12-02-16-11-17,3e-05,0.45,8,5,0.1,0.2,
73.26,69.54,70.48,69.67,0.6974,MIntRec,mag_bert,bert-base-uncased,3,mag_bert_MIntRec_multi-class_3_2025-12-02-16-27-50,3e-05,0.45,8,5,0.1,0.2,
73.26,69.34,70.38,69.31,0.7034,MIntRec,mag_bert,bert-base-uncased,1,mag_bert_MIntRec_multi-class_1_2025-12-02-20-31-50,3e-05,0.4,8,5,0.1,0.2,
73.26,68.56,70.26,67.83,0.6781,MIntRec,mag_bert,bert-base-uncased,0,mag_bert_MIntRec_multi-class_0_2025-12-03-03-41-37,5e-05,0.5,8,5,0.1,0.2,
73.26,70.55,70.76,71.1,0.728,MIntRec,mag_bert,bert-base-uncased,1,mag_bert_MIntRec_multi-class_1_2025-12-03-09-15-38,3.5e-05,0.5,8,5,0.1,0.2,
73.26,69.36,70.19,69.7,0.6764,MIntRec,mag_bert,bert-base-uncased,4,mag_bert_MIntRec_multi-class_4_2025-12-03-10-21-03,4e-05,0.45,8,5,0.1,0.2,
73.26,69.14,69.27,69.64,0.7209,MIntRec,mag_bert,bert-base-uncased,2,mag_bert_MIntRec_multi-class_2_2025-12-03-15-20-20,1.4999999999999999e-05,0.5,8,5,0.1,0.2,
73.03,69.51,69.48,70.22,0.6974,MIntRec,mag_bert,bert-base-uncased,0,mag_bert_MIntRec_multi-class_0_2025-12-02-14-55-13,2.9999999999999997e-05,0.6,8,5,0.1,0.2,
73.03,69.84,70.8,69.75,0.7015,MIntRec,mag_bert,bert-base-uncased,0,mag_bert_MIntRec_multi-class_0_2025-12-02-15-30-21,2.5e-05,0.5,8,5,0.1,0.2,
73.03,68.78,68.95,69.75,0.7090000000000001,MIntRec,mag_bert,bert-base-uncased,6,mag_bert_MIntRec_multi-class_6_2025-12-02-15-33-58,2.9999999999999997e-05,0.5,8,5,0.1,0.2,
73.03,68.06,69.56,67.99,0.7015,MIntRec,mag_bert,bert-base-uncased,1,mag_bert_MIntRec_multi-class_1_2025-12-02-18-08-39,2.5e-05,0.6,8,5,0.1,0.2,
73.03,68.57,69.07,69.24,0.6963,MIntRec,mag_bert,bert-base-uncased,5,mag_bert_MIntRec_multi-class_5_2025-12-02-21-39-11,2e-05,0.6,8,5,0.1,0.2,
73.03,68.43,69.05,68.73,0.7023,MIntRec,mag_bert,bert-base-uncased,8,mag_bert_MIntRec_multi-class_8_2025-12-03-01-21-40,2e-05,0.6,8,5,0.1,0.2,
73.03,68.19,69.9,67.61,0.7,MIntRec,mag_bert,bert-base-uncased,8,mag_bert_MIntRec_multi-class_8_2025-12-03-01-59-48,2e-05,0.5,8,5,0.1,0.2,
73.03,69.21,70.35,70.04,0.7019,MIntRec,mag_bert,bert-base-uncased,2,mag_bert_MIntRec_multi-class_2_2025-12-03-13-18-21,9e-06,0.6,8,5,0.1,0.2,
73.03,67.88,68.31,68.89,0.6784,MIntRec,mag_bert,bert-base-uncased,5,mag_bert_MIntRec_multi-class_5_2025-12-03-16-22-19,3.5e-05,0.45,8,5,0.1,0.2,
73.03,70.0,70.66,70.48,0.7132,MIntRec,mag_bert,bert-base-uncased,5,mag_bert_MIntRec_multi-class_5_2025-12-03-16-29-09,4e-05,0.45,8,5,0.1,0.2,
73.03,68.22,68.34,69.22,0.682,MIntRec,mag_bert,bert-base-uncased,2,mag_bert_MIntRec_multi-class_2_2025-12-03-18-22-46,5e-05,0.4,8,5,0.1,0.2,
72.81,68.52,69.38,69.19,0.7140000000000001,MIntRec,mag_bert,bert-base-uncased,3,mag_bert_MIntRec_multi-class_3_2025-12-02-16-11-19,2.5e-05,0.45,8,5,0.1,0.2,
72.81,68.75,69.86,68.75,0.7071,MIntRec,mag_bert,bert-base-uncased,6,mag_bert_MIntRec_multi-class_6_2025-12-02-16-36-28,2e-05,0.4,8,5,0.1,0.2,
72.81,70.39,70.85,70.51,0.7081,MIntRec,mag_bert,bert-base-uncased,0,mag_bert_MIntRec_multi-class_0_2025-12-02-16-52-50,2.5e-05,0.4,8,5,0.1,0.2,
72.81,68.33,69.59,68.53,0.6892,MIntRec,mag_bert,bert-base-uncased,7,mag_bert_MIntRec_multi-class_7_2025-12-02-18-24-41,2.9999999999999997e-05,0.6,8,5,0.1,0.2,
72.81,69.42,70.88,68.93,0.7129,MIntRec,mag_bert,bert-base-uncased,4,mag_bert_MIntRec_multi-class_4_2025-12-02-20-09-02,2e-05,0.4,8,5,0.1,0.2,
72.81,68.85,69.03,69.37,0.7317,MIntRec,mag_bert,bert-base-uncased,0,mag_bert_MIntRec_multi-class_0_2025-12-03-03-09-27,1.4999999999999999e-05,0.5,8,5,0.1,0.2,
72.81,70.46,72.04,69.91,0.7165,MIntRec,mag_bert,bert-base-uncased,1,mag_bert_MIntRec_multi-class_1_2025-12-03-10-35-36,4e-05,0.45,8,5,0.1,0.2,
72.81,66.81,71.15,67.57,0.6819,MIntRec,mag_bert,bert-base-uncased,4,mag_bert_MIntRec_multi-class_4_2025-12-03-11-46-27,4e-05,0.4,8,5,0.1,0.2,
72.81,68.76,69.37,68.83,0.708,MIntRec,mag_bert,bert-base-uncased,2,mag_bert_MIntRec_multi-class_2_2025-12-03-16-39-12,1.4999999999999999e-05,0.45,8,5,0.1,0.2,
72.81,68.82,69.11,69.8,0.7013,MIntRec,mag_bert,bert-base-uncased,2,mag_bert_MIntRec_multi-class_2_2025-12-03-16-52-30,3.5e-05,0.45,8,5,0.1,0.2,
72.58,67.87,68.1,69.31,0.6953,MIntRec,mag_bert,bert-base-uncased,3,mag_bert_MIntRec_multi-class_3_2025-12-02-15-06-46,1e-05,0.6,8,5,0.1,0.2,
72.58,68.65,70.06,68.28,0.6942,MIntRec,mag_bert,bert-base-uncased,4,mag_bert_MIntRec_multi-class_4_2025-12-02-18-06-08,2e-05,0.6,8,5,0.1,0.2,
72.58,69.89,70.77,69.97,0.7096,MIntRec,mag_bert,bert-base-uncased,4,mag_bert_MIntRec_multi-class_4_2025-12-02-18-23-00,2.9999999999999997e-05,0.6,8,5,0.1,0.2,
72.58,69.65,70.61,69.79,0.727,MIntRec,mag_bert,bert-base-uncased,7,mag_bert_MIntRec_multi-class_7_2025-12-02-20-40-17,2.9999999999999997e-05,0.4,8,5,0.1,0.2,
72.58,69.43,70.13,69.43,0.7068,MIntRec,mag_bert,bert-base-uncased,8,mag_bert_MIntRec_multi-class_8_2025-12-03-02-08-32,2.5e-05,0.5,8,5,0.1,0.2,
72.58,68.98,71.0,68.47,0.7065,MIntRec,mag_bert,bert-base-uncased,0,mag_bert_MIntRec_multi-class_0_2025-12-03-03-26-03,3.5e-05,0.5,8,5,0.1,0.2,
72.58,69.66,70.54,69.38,0.7125,MIntRec,mag_bert,bert-base-uncased,9,mag_bert_MIntRec_multi-class_9_2025-12-03-08-06-17,1.4999999999999999e-05,0.45,8,5,0.1,0.2,
72.58,69.06,70.53,68.95,0.6897,MIntRec,mag_bert,bert-base-uncased,1,mag_bert_MIntRec_multi-class_1_2025-12-03-12-04-16,5e-05,0.4,8,5,0.1,0.2,
72.58,67.59,68.06,68.46,0.7011,MIntRec,mag_bert,bert-base-uncased,2,mag_bert_MIntRec_multi-class_2_2025-12-03-14-50-43,5e-06,0.5,8,5,0.1,0.2,
72.58,68.53,69.23,68.65,0.723,MIntRec,mag_bert,bert-base-uncased,5,mag_bert_MIntRec_multi-class_5_2025-12-03-19-05-07,3.5e-05,0.3,8,5,0.1,0.2,
72.36,68.03,69.29,67.57,0.6933,MIntRec,mag_bert,bert-base-uncased,6,mag_bert_MIntRec_multi-class_6_2025-12-02-14-39-25,2e-05,0.6,8,5,0.1,0.2,
72.36,69.19,69.58,69.95,0.696,MIntRec,mag_bert,bert-base-uncased,0,mag_bert_MIntRec_multi-class_0_2025-12-02-14-47-14,2.5e-05,0.6,8,5,0.1,0.2,
72.36,68.65,69.05,68.91,0.705,MIntRec,mag_bert,bert-base-uncased,6,mag_bert_MIntRec_multi-class_6_2025-12-02-15-25-20,2.5e-05,0.5,8,5,0.1,0.2,
72.36,68.31,68.22,69.39,0.7244,MIntRec,mag_bert,bert-base-uncased,0,mag_bert_MIntRec_multi-class_0_2025-12-02-15-49-14,1e-05,0.5,8,5,0.1,0.2,
72.36,67.64,68.17,68.19,0.7015,MIntRec,mag_bert,bert-base-uncased,6,mag_bert_MIntRec_multi-class_6_2025-12-02-15-52-43,2e-05,0.45,8,5,0.1,0.2,
72.36,68.62,68.19,69.95,0.7076,MIntRec,mag_bert,bert-base-uncased,7,mag_bert_MIntRec_multi-class_7_2025-12-02-18-04-45,2e-05,0.6,8,5,0.1,0.2,
72.36,69.07,70.12,69.11,0.7049,MIntRec,mag_bert,bert-base-uncased,1,mag_bert_MIntRec_multi-class_1_2025-12-02-19-06-06,3e-05,0.5,8,5,0.1,0.2,
72.36,68.44,69.2,68.61,0.7107,MIntRec,mag_bert,bert-base-uncased,1,mag_bert_MIntRec_multi-class_1_2025-12-02-20-22-54,2.5e-05,0.4,8,5,0.1,0.2,
72.36,69.48,70.51,69.46,0.7266,MIntRec,mag_bert,bert-base-uncased,7,mag_bert_MIntRec_multi-class_7_2025-12-02-21-11-41,2.5e-05,0.3,8,5,0.1,0.2,
72.36,68.47,68.53,69.13,0.7072,MIntRec,mag_bert,bert-base-uncased,2,mag_bert_MIntRec_multi-class_2_2025-12-03-00-03-04,2.5e-05,0.4,8,5,0.1,0.2,
72.36,67.64,67.05,69.3,0.7261,MIntRec,mag_bert,bert-base-uncased,0,mag_bert_MIntRec_multi-class_0_2025-12-03-02-32-57,9e-06,0.5,8,5,0.1,0.2,
72.36,68.16,68.05,69.22,0.7070000000000001,MIntRec,mag_bert,bert-base-uncased,0,mag_bert_MIntRec_multi-class_0_2025-12-03-03-50-13,9e-06,0.45,8,5,0.1,0.2,
72.36,69.37,69.26,70.3,0.6919,MIntRec,mag_bert,bert-base-uncased,0,mag_bert_MIntRec_multi-class_0_2025-12-03-04-38-21,3.5e-05,0.45,8,5,0.1,0.2,
72.36,68.32,68.93,69.06,0.6961,MIntRec,mag_bert,bert-base-uncased,9,mag_bert_MIntRec_multi-class_9_2025-12-03-04-44-54,9e-06,0.6,8,5,0.1,0.2,
72.36,67.87,69.89,67.34,0.6916,MIntRec,mag_bert,bert-base-uncased,9,mag_bert_MIntRec_multi-class_9_2025-12-03-10-44-41,3.5e-05,0.3,8,5,0.1,0.2,
72.36,67.96,68.48,68.84,0.7068,MIntRec,mag_bert,bert-base-uncased,5,mag_bert_MIntRec_multi-class_5_2025-12-03-13-46-51,1.4999999999999999e-05,0.6,8,5,0.1,0.2,
72.36,69.13,68.54,70.64,0.687,MIntRec,mag_bert,bert-base-uncased,5,mag_bert_MIntRec_multi-class_5_2025-12-03-13-57-28,3.5e-05,0.6,8,5,0.1,0.2,
72.36,68.04,70.45,67.26,0.701,MIntRec,mag_bert,bert-base-uncased,6,mag_bert_MIntRec_multi-class_6_2025-12-03-15-58-06,4e-05,0.5,8,5,0.1,0.2,
72.36,67.82,67.86,68.66,0.6915,MIntRec,mag_bert,bert-base-uncased,2,mag_bert_MIntRec_multi-class_2_2025-12-03-17-12-24,5e-05,0.45,8,5,0.1,0.2,
72.36,68.67,69.63,69.07,0.6971,MIntRec,mag_bert,bert-base-uncased,2,mag_bert_MIntRec_multi-class_2_2025-12-03-19-24-28,3.5e-05,0.3,8,5,0.1,0.2,
72.13,68.49,69.21,68.79,0.6967,MIntRec,mag_bert,bert-base-uncased,0,mag_bert_MIntRec_multi-class_0_2025-12-02-14-34-07,2e-05,0.6,8,5,0.1,0.2,
72.13,67.18,68.05,67.8,0.6877,MIntRec,mag_bert,bert-base-uncased,6,mag_bert_MIntRec_multi-class_6_2025-12-02-14-57-35,2.9999999999999997e-05,0.6,8,5,0.1,0.2,
72.13,68.66,69.31,68.89,0.6942,MIntRec,mag_bert,bert-base-uncased,0,mag_bert_MIntRec_multi-class_0_2025-12-02-16-00-49,2e-05,0.45,8,5,0.1,0.2,
72.13,68.65,69.7,68.61,0.7022,MIntRec,mag_bert,bert-base-uncased,6,mag_bert_MIntRec_multi-class_6_2025-12-02-17-40-03,3e-05,0.3,8,5,0.1,0.2,
72.13,68.71,69.12,68.87,0.706,MIntRec,mag_bert,bert-base-uncased,3,mag_bert_MIntRec_multi-class_3_2025-12-02-17-45-01,2.9999999999999997e-05,0.3,8,5,0.1,0.2,
72.13,67.86,69.06,67.69,0.6935,MIntRec,mag_bert,bert-base-uncased,4,mag_bert_MIntRec_multi-class_4_2025-12-02-18-15-06,2.5e-05,0.6,8,5,0.1,0.2,
72.13,69.26,69.62,70.05,0.7042,MIntRec,mag_bert,bert-base-uncased,7,mag_bert_MIntRec_multi-class_7_2025-12-02-18-15-48,2.5e-05,0.6,8,5,0.1,0.2,
72.13,68.01,69.31,68.44,0.6920000000000001,MIntRec,mag_bert,bert-base-uncased,1,mag_bert_MIntRec_multi-class_1_2025-12-02-18-20-59,3e-05,0.6,8,5,0.1,0.2,
72.13,68.38,69.61,68.42,0.7067,MIntRec,mag_bert,bert-base-uncased,7,mag_bert_MIntRec_multi-class_7_2025-12-02-19-54-15,2.9999999999999997e-05,0.45,8,5,0.1,0.2,
72.13,68.73,69.02,69.18,0.7153,MIntRec,mag_bert,bert-base-uncased,7,mag_bert_MIntRec_multi-class_7_2025-12-02-20-28-40,2.5e-05,0.4,8,5,0.1,0.2,
72.13,68.07,69.49,68.24,0.7134,MIntRec,mag_bert,bert-base-uncased,2,mag_bert_MIntRec_multi-class_2_2025-12-02-22-11-23,2.9999999999999997e-05,0.6,8,5,0.1,0.2,
72.13,68.26,68.34,68.86,0.7156,MIntRec,mag_bert,bert-base-uncased,2,mag_bert_MIntRec_multi-class_2_2025-12-02-22-57-29,1e-05,0.5,8,5,0.1,0.2,
72.13,67.8,68.38,68.14,0.7092,MIntRec,mag_bert,bert-base-uncased,5,mag_bert_MIntRec_multi-class_5_2025-12-02-22-58-55,2e-05,0.45,8,5,0.1,0.2,
72.13,68.9,69.73,69.56,0.7176,MIntRec,mag_bert,bert-base-uncased,2,mag_bert_MIntRec_multi-class_2_2025-12-03-00-48-50,3e-05,0.3,8,5,0.1,0.2,
72.13,68.7,69.35,68.91,0.68,MIntRec,mag_bert,bert-base-uncased,8,mag_bert_MIntRec_multi-class_8_2025-12-03-01-39-42,3e-05,0.6,8,5,0.1,0.2,
72.13,67.7,68.02,68.62,0.7173,MIntRec,mag_bert,bert-base-uncased,8,mag_bert_MIntRec_multi-class_8_2025-12-03-03-21-03,2e-05,0.4,8,5,0.1,0.2,
72.13,68.7,70.03,68.38,0.6935,MIntRec,mag_bert,bert-base-uncased,0,mag_bert_MIntRec_multi-class_0_2025-12-03-05-51-48,3.5e-05,0.4,8,5,0.1,0.2,
72.13,68.39,68.94,69.06,0.6884,MIntRec,mag_bert,bert-base-uncased,9,mag_bert_MIntRec_multi-class_9_2025-12-03-06-59-26,3.5e-05,0.5,8,5,0.1,0.2,
72.13,67.93,69.76,68.58,0.7139,MIntRec,mag_bert,bert-base-uncased,0,mag_bert_MIntRec_multi-class_0_2025-12-03-07-08-17,5e-05,0.3,8,5,0.1,0.2,
72.13,69.38,70.53,69.57,0.6856,MIntRec,mag_bert,bert-base-uncased,1,mag_bert_MIntRec_multi-class_1_2025-12-03-09-31-24,5e-05,0.5,8,5,0.1,0.2,
72.13,68.26,69.13,68.76,0.701,MIntRec,mag_bert,bert-base-uncased,1,mag_bert_MIntRec_multi-class_1_2025-12-03-12-56-41,3.5e-05,0.3,8,5,0.1,0.2,
72.13,68.49,70.04,67.78,0.703,MIntRec,mag_bert,bert-base-uncased,6,mag_bert_MIntRec_multi-class_6_2025-12-03-18-12-12,4e-05,0.4,8,5,0.1,0.2,
71.91,68.05,70.13,67.62,0.6994,MIntRec,mag_bert,bert-base-uncased,0,mag_bert_MIntRec_multi-class_0_2025-12-02-15-20-21,2e-05,0.5,8,5,0.1,0.2,
71.91,68.3,68.38,69.08,0.6984,MIntRec,mag_bert,bert-base-uncased,3,mag_bert_MIntRec_multi-class_3_2025-12-02-15-20-02,2e-05,0.5,8,5,0.1,0.2,
71.91,67.84,67.88,68.38,0.7176,MIntRec,mag_bert,bert-base-uncased,3,mag_bert_MIntRec_multi-class_3_2025-12-02-16-48-35,2e-05,0.4,8,5,0.1,0.2,
71.91,67.93,68.06,68.56,0.7116,MIntRec,mag_bert,bert-base-uncased,6,mag_bert_MIntRec_multi-class_6_2025-12-02-16-56-38,3e-05,0.4,8,5,0.1,0.2,
71.91,67.03,67.61,67.21,0.6979,MIntRec,mag_bert,bert-base-uncased,6,mag_bert_MIntRec_multi-class_6_2025-12-02-17-31-41,2.5e-05,0.3,8,5,0.1,0.2,
71.91,68.27,68.72,68.98,0.726,MIntRec,mag_bert,bert-base-uncased,1,mag_bert_MIntRec_multi-class_1_2025-12-02-18-44-51,2e-05,0.5,8,5,0.1,0.2,
71.91,67.28,67.78,67.73,0.7021,MIntRec,mag_bert,bert-base-uncased,7,mag_bert_MIntRec_multi-class_7_2025-12-02-18-47-31,2e-05,0.5,8,5,0.1,0.2,
71.91,68.33,68.26,69.05,0.7088,MIntRec,mag_bert,bert-base-uncased,7,mag_bert_MIntRec_multi-class_7_2025-12-02-19-34-39,2e-05,0.45,8,5,0.1,0.2,
71.91,68.96,69.77,68.73,0.7086,MIntRec,mag_bert,bert-base-uncased,4,mag_bert_MIntRec_multi-class_4_2025-12-02-19-39-05,2.5e-05,0.45,8,5,0.1,0.2,
71.91,68.26,67.71,69.23,0.7147,MIntRec,mag_bert,bert-base-uncased,7,mag_bert_MIntRec_multi-class_7_2025-12-02-20-19-52,2e-05,0.4,8,5,0.1,0.2,
71.91,68.03,69.55,67.57,0.7445,MIntRec,mag_bert,bert-base-uncased,4,mag_bert_MIntRec_multi-class_4_2025-12-02-20-30-51,2.9999999999999997e-05,0.4,8,5,0.1,0.2,
71.91,68.16,68.36,68.8,0.7024,MIntRec,mag_bert,bert-base-uncased,2,mag_bert_MIntRec_multi-class_2_2025-12-02-21-59-44,2.5e-05,0.6,8,5,0.1,0.2,
71.91,67.51,68.71,67.84,0.7076,MIntRec,mag_bert,bert-base-uncased,5,mag_bert_MIntRec_multi-class_5_2025-12-02-22-19-33,2e-05,0.5,8,5,0.1,0.2,
71.91,67.75,67.28,68.99,0.7252,MIntRec,mag_bert,bert-base-uncased,2,mag_bert_MIntRec_multi-class_2_2025-12-02-22-29-19,2e-05,0.5,8,5,0.1,0.2,
71.91,68.41,68.47,69.77,0.6948,MIntRec,mag_bert,bert-base-uncased,2,mag_bert_MIntRec_multi-class_2_2025-12-02-23-28-21,3e-05,0.45,8,5,0.1,0.2,
71.91,69.13,69.51,69.93,0.71,MIntRec,mag_bert,bert-base-uncased,5,mag_bert_MIntRec_multi-class_5_2025-12-03-00-34-03,2.5e-05,0.3,8,5,0.1,0.2,
71.91,67.92,68.56,68.37,0.7176,MIntRec,mag_bert,bert-base-uncased,5,mag_bert_MIntRec_multi-class_5_2025-12-03-00-54-41,1e-05,0.3,8,5,0.1,0.2,
71.91,66.52,66.4,68.21,0.7024,MIntRec,mag_bert,bert-base-uncased,3,mag_bert_MIntRec_multi-class_3_2025-12-03-01-35-03,5e-06,0.6,8,5,0.1,0.2,
71.91,68.83,70.33,68.25,0.7097,MIntRec,mag_bert,bert-base-uncased,8,mag_bert_MIntRec_multi-class_8_2025-12-03-04-14-16,2.5e-05,0.3,8,5,0.1,0.2,
71.91,67.84,68.29,68.12,0.6915,MIntRec,mag_bert,bert-base-uncased,1,mag_bert_MIntRec_multi-class_1_2025-12-03-07-48-33,1.4999999999999999e-05,0.6,8,5,0.1,0.2,
71.91,68.38,68.49,68.99,0.7106,MIntRec,mag_bert,bert-base-uncased,1,mag_bert_MIntRec_multi-class_1_2025-12-03-10-16-22,1.4999999999999999e-05,0.45,8,5,0.1,0.2,
71.91,68.08,68.69,68.43,0.6959,MIntRec,mag_bert,bert-base-uncased,1,mag_bert_MIntRec_multi-class_1_2025-12-03-11-39-42,1.5e-05,0.4,8,5,0.1,0.2,
71.91,66.74,68.45,66.07,0.6708,MIntRec,mag_bert,bert-base-uncased,5,mag_bert_MIntRec_multi-class_5_2025-12-03-14-15-42,5e-05,0.6,8,5,0.1,0.2,
71.69,67.71,68.99,67.4,0.7215,MIntRec,mag_bert,bert-base-uncased,7,mag_bert_MIntRec_multi-class_7_2025-12-02-18-58-23,2.5e-05,0.5,8,5,0.1,0.2,
71.69,67.58,67.96,68.03,0.7209,MIntRec,mag_bert,bert-base-uncased,7,mag_bert_MIntRec_multi-class_7_2025-12-02-21-01-13,2e-05,0.3,8,5,0.1,0.2,
71.69,69.36,69.97,69.59,0.7215,MIntRec,mag_bert,bert-base-uncased,7,mag_bert_MIntRec_multi-class_7_2025-12-02-21-27-49,3e-05,0.3,8,5,0.1,0.2,
71.69,67.67,69.35,67.75,0.6931,MIntRec,mag_bert,bert-base-uncased,5,mag_bert_MIntRec_multi-class_5_2025-12-02-22-01-13,3e-05,0.6,8,5,0.1,0.2,
71.69,66.43,67.52,66.93,0.6928,MIntRec,mag_bert,bert-base-uncased,5,mag_bert_MIntRec_multi-class_5_2025-12-02-22-29-41,2.5e-05,0.5,8,5,0.1,0.2,
71.69,67.58,67.83,68.63,0.7145,MIntRec,mag_bert,bert-base-uncased,8,mag_bert_MIntRec_multi-class_8_2025-12-03-02-44-04,2e-05,0.45,8,5,0.1,0.2,
71.69,68.07,69.34,68.08,0.6933,MIntRec,mag_bert,bert-base-uncased,8,mag_bert_MIntRec_multi-class_8_2025-12-03-02-53-09,2.5e-05,0.45,8,5,0.1,0.2,
71.69,65.97,67.35,66.37,0.7152,MIntRec,mag_bert,bert-base-uncased,3,mag_bert_MIntRec_multi-class_3_2025-12-03-03-36-46,9e-06,0.45,8,5,0.1,0.2,
71.69,66.18,68.36,66.73,0.7014,MIntRec,mag_bert,bert-base-uncased,3,mag_bert_MIntRec_multi-class_3_2025-12-03-03-57-01,7.000000000000003e-06,0.45,8,5,0.1,0.2,
71.69,66.26,67.73,67.13,0.7042,MIntRec,mag_bert,bert-base-uncased,0,mag_bert_MIntRec_multi-class_0_2025-12-03-04-14-12,7.000000000000003e-06,0.45,8,5,0.1,0.2,
71.69,67.37,68.73,67.7,0.7014,MIntRec,mag_bert,bert-base-uncased,3,mag_bert_MIntRec_multi-class_3_2025-12-03-05-25-45,5e-05,0.4,8,5,0.1,0.2,
71.69,68.7,68.71,69.26,0.7082,MIntRec,mag_bert,bert-base-uncased,9,mag_bert_MIntRec_multi-class_9_2025-12-03-07-19-38,9e-06,0.45,8,5,0.1,0.2,
71.69,68.55,69.72,68.75,0.7031,MIntRec,mag_bert,bert-base-uncased,9,mag_bert_MIntRec_multi-class_9_2025-12-03-08-25-08,4e-05,0.45,8,5,0.1,0.2,
71.69,68.08,69.01,68.97,0.6904,MIntRec,mag_bert,bert-base-uncased,4,mag_bert_MIntRec_multi-class_4_2025-12-03-08-54-09,3.5e-05,0.5,8,5,0.1,0.2,
71.69,68.82,69.8,68.68,0.7142,MIntRec,mag_bert,bert-base-uncased,9,mag_bert_MIntRec_multi-class_9_2025-12-03-09-30-16,3.5e-05,0.4,8,5,0.1,0.2,
71.69,67.8,67.61,68.68,0.6951,MIntRec,mag_bert,bert-base-uncased,2,mag_bert_MIntRec_multi-class_2_2025-12-03-15-46-17,5e-05,0.5,8,5,0.1,0.2,
71.69,68.23,70.51,67.53,0.6963,MIntRec,mag_bert,bert-base-uncased,6,mag_bert_MIntRec_multi-class_6_2025-12-03-15-50-09,3.5e-05,0.5,8,5,0.1,0.2,
71.69,67.64,69.15,67.27,0.7007,MIntRec,mag_bert,bert-base-uncased,6,mag_bert_MIntRec_multi-class_6_2025-12-03-16-05-13,5e-05,0.5,8,5,0.1,0.2,
71.69,67.47,69.27,67.42,0.6904,MIntRec,mag_bert,bert-base-uncased,2,mag_bert_MIntRec_multi-class_2_2025-12-03-18-14-41,4e-05,0.4,8,5,0.1,0.2,
71.69,68.95,68.74,70.31,0.7265,MIntRec,mag_bert,bert-base-uncased,0,mag_bert_MIntRec_multi-class_0_2025-12-04-06-52-35,2.5e-05,0.45,8,5,0.1,0.2,0.03
71.46,67.42,67.31,68.17,0.7098,MIntRec,mag_bert,bert-base-uncased,0,mag_bert_MIntRec_multi-class_0_2025-12-02-15-06-08,1e-05,0.6,8,5,0.1,0.2,
71.46,67.08,68.68,67.51,0.6970000000000001,MIntRec,mag_bert,bert-base-uncased,3,mag_bert_MIntRec_multi-class_3_2025-12-02-17-07-37,2.9999999999999997e-05,0.4,8,5,0.1,0.2,
71.46,66.96,67.17,67.7,0.7096,MIntRec,mag_bert,bert-base-uncased,3,mag_bert_MIntRec_multi-class_3_2025-12-02-17-14-56,1e-05,0.4,8,5,0.1,0.2,
71.46,67.66,67.79,68.77,0.7091,MIntRec,mag_bert,bert-base-uncased,1,mag_bert_MIntRec_multi-class_1_2025-12-02-19-18-23,1e-05,0.5,8,5,0.1,0.2,
71.46,68.07,70.38,67.08,0.7084,MIntRec,mag_bert,bert-base-uncased,1,mag_bert_MIntRec_multi-class_1_2025-12-02-19-31-06,2e-05,0.45,8,5,0.1,0.2,
71.46,68.36,68.6,68.98,0.7126,MIntRec,mag_bert,bert-base-uncased,4,mag_bert_MIntRec_multi-class_4_2025-12-02-20-43-41,1e-05,0.4,8,5,0.1,0.2,
71.46,67.09,66.79,67.88,0.6999,MIntRec,mag_bert,bert-base-uncased,1,mag_bert_MIntRec_multi-class_1_2025-12-02-21-16-36,2.5e-05,0.3,8,5,0.1,0.2,
71.46,68.53,68.8,69.22,0.6918,MIntRec,mag_bert,bert-base-uncased,3,mag_bert_MIntRec_multi-class_3_2025-12-03-03-12-53,3.5e-05,0.5,8,5,0.1,0.2,
71.46,67.17,67.89,67.8,0.7070000000000001,MIntRec,mag_bert,bert-base-uncased,0,mag_bert_MIntRec_multi-class_0_2025-12-03-04-26-37,1.5e-05,0.45,8,5,0.1,0.2,
71.46,65.81,65.71,67.02,0.6694,MIntRec,mag_bert,bert-base-uncased,0,mag_bert_MIntRec_multi-class_0_2025-12-03-04-57-06,5e-05,0.45,8,5,0.1,0.2,
71.46,67.79,69.35,67.4,0.7102,MIntRec,mag_bert,bert-base-uncased,9,mag_bert_MIntRec_multi-class_9_2025-12-03-05-39-38,3.5e-05,0.6,8,5,0.1,0.2,
71.46,67.37,67.96,67.76,0.7095,MIntRec,mag_bert,bert-base-uncased,9,mag_bert_MIntRec_multi-class_9_2025-12-03-06-32-34,7.000000000000003e-06,0.5,8,5,0.1,0.2,
71.46,66.94,66.61,68.48,0.7058,MIntRec,mag_bert,bert-base-uncased,0,mag_bert_MIntRec_multi-class_0_2025-12-03-06-55-41,3.5e-05,0.3,8,5,0.1,0.2,
71.46,67.21,68.68,67.89,0.6997,MIntRec,mag_bert,bert-base-uncased,4,mag_bert_MIntRec_multi-class_4_2025-12-03-07-22-33,1.5e-05,0.6,8,5,0.1,0.2,
71.46,68.69,68.94,68.99,0.6903,MIntRec,mag_bert,bert-base-uncased,1,mag_bert_MIntRec_multi-class_1_2025-12-03-08-01-31,3.5e-05,0.6,8,5,0.1,0.2,
71.46,67.33,68.22,68.28,0.6951,MIntRec,mag_bert,bert-base-uncased,1,mag_bert_MIntRec_multi-class_1_2025-12-03-09-24-26,4e-05,0.5,8,5,0.1,0.2,
71.46,67.34,68.33,68.51,0.7137,MIntRec,mag_bert,bert-base-uncased,4,mag_bert_MIntRec_multi-class_4_2025-12-03-12-57-25,4e-05,0.3,8,5,0.1,0.2,
71.46,67.66,68.12,68.77,0.6923,MIntRec,mag_bert,bert-base-uncased,2,mag_bert_MIntRec_multi-class_2_2025-12-03-13-51-57,7.000000000000003e-06,0.6,8,5,0.1,0.2,
71.46,66.71,66.14,68.12,0.6971,MIntRec,mag_bert,bert-base-uncased,6,mag_bert_MIntRec_multi-class_6_2025-12-03-13-58-14,5e-06,0.6,8,5,0.1,0.2,
71.46,67.76,68.75,68.08,0.6904,MIntRec,mag_bert,bert-base-uncased,2,mag_bert_MIntRec_multi-class_2_2025-12-03-14-23-16,4e-05,0.6,8,5,0.1,0.2,
71.46,68.89,71.02,70.03,0.6716,MIntRec,mag_bert,bert-base-uncased,6,mag_bert_MIntRec_multi-class_6_2025-12-03-14-55-11,5e-05,0.6,8,5,0.1,0.2,
71.46,66.08,67.25,66.88,0.6914,MIntRec,mag_bert,bert-base-uncased,5,mag_bert_MIntRec_multi-class_5_2025-12-03-15-40-27,5e-06,0.45,8,5,0.1,0.2,
71.46,67.29,67.41,68.57,0.7026,MIntRec,mag_bert,bert-base-uncased,2,mag_bert_MIntRec_multi-class_2_2025-12-03-19-32-48,4e-05,0.3,8,5,0.1,0.2,
71.24,66.81,66.58,68.02,0.696,MIntRec,mag_bert,bert-base-uncased,3,mag_bert_MIntRec_multi-class_3_2025-12-02-15-31-14,2.5e-05,0.5,8,5,0.1,0.2,
71.24,67.74,67.94,68.02,0.6981,MIntRec,mag_bert,bert-base-uncased,3,mag_bert_MIntRec_multi-class_3_2025-12-02-17-25-45,2e-05,0.3,8,5,0.1,0.2,
71.24,67.35,67.93,67.74,0.6979,MIntRec,mag_bert,bert-base-uncased,0,mag_bert_MIntRec_multi-class_0_2025-12-02-17-33-34,2.5e-05,0.3,8,5,0.1,0.2,
71.24,68.2,69.37,68.38,0.69,MIntRec,mag_bert,bert-base-uncased,3,mag_bert_MIntRec_multi-class_3_2025-12-02-17-35-36,2.5e-05,0.3,8,5,0.1,0.2,
71.24,66.88,67.12,67.95,0.6974,MIntRec,mag_bert,bert-base-uncased,7,mag_bert_MIntRec_multi-class_7_2025-12-02-19-45-52,2.5e-05,0.45,8,5,0.1,0.2,
71.24,67.28,67.21,68.45,0.7033,MIntRec,mag_bert,bert-base-uncased,4,mag_bert_MIntRec_multi-class_4_2025-12-02-19-48-03,3e-05,0.45,8,5,0.1,0.2,
71.24,68.04,69.22,68.08,0.6896,MIntRec,mag_bert,bert-base-uncased,1,mag_bert_MIntRec_multi-class_1_2025-12-02-21-38-08,1e-05,0.3,8,5,0.1,0.2,
71.24,67.24,67.12,68.23,0.7142,MIntRec,mag_bert,bert-base-uncased,7,mag_bert_MIntRec_multi-class_7_2025-12-02-21-40-22,1e-05,0.3,8,5,0.1,0.2,
71.24,67.63,68.2,67.94,0.7011,MIntRec,mag_bert,bert-base-uncased,2,mag_bert_MIntRec_multi-class_2_2025-12-02-21-49-22,2e-05,0.6,8,5,0.1,0.2,
71.24,67.74,67.77,68.45,0.7167,MIntRec,mag_bert,bert-base-uncased,2,mag_bert_MIntRec_multi-class_2_2025-12-02-23-39-36,1e-05,0.45,8,5,0.1,0.2,
71.24,67.58,68.47,67.47,0.7076,MIntRec,mag_bert,bert-base-uncased,2,mag_bert_MIntRec_multi-class_2_2025-12-02-23-53-01,2e-05,0.4,8,5,0.1,0.2,
71.24,66.19,67.71,67.46,0.6894,MIntRec,mag_bert,bert-base-uncased,3,mag_bert_MIntRec_multi-class_3_2025-12-03-01-26-25,9e-06,0.6,8,5,0.1,0.2,
71.24,66.46,67.57,67.31,0.701,MIntRec,mag_bert,bert-base-uncased,8,mag_bert_MIntRec_multi-class_8_2025-12-03-01-49-33,1e-05,0.6,8,5,0.1,0.2,
71.24,66.42,66.59,67.43,0.6983,MIntRec,mag_bert,bert-base-uncased,3,mag_bert_MIntRec_multi-class_3_2025-12-03-02-41-47,5e-06,0.5,8,5,0.1,0.2,
71.24,67.37,70.3,66.54,0.6965,MIntRec,mag_bert,bert-base-uncased,3,mag_bert_MIntRec_multi-class_3_2025-12-03-04-22-11,4e-05,0.45,8,5,0.1,0.2,
71.24,67.13,67.17,68.04,0.7085,MIntRec,mag_bert,bert-base-uncased,3,mag_bert_MIntRec_multi-class_3_2025-12-03-04-35-04,9e-06,0.4,8,5,0.1,0.2,
71.24,67.35,67.87,67.97,0.7068,MIntRec,mag_bert,bert-base-uncased,0,mag_bert_MIntRec_multi-class_0_2025-12-03-05-39-15,1.4999999999999999e-05,0.4,8,5,0.1,0.2,
71.24,65.33,66.39,66.02,0.6683,MIntRec,mag_bert,bert-base-uncased,9,mag_bert_MIntRec_multi-class_9_2025-12-03-06-01-14,5e-05,0.6,8,5,0.1,0.2,
71.24,67.41,68.02,67.45,0.7005,MIntRec,mag_bert,bert-base-uncased,3,mag_bert_MIntRec_multi-class_3_2025-12-03-05-58-21,7.000000000000003e-06,0.3,8,5,0.1,0.2,
71.24,66.77,68.23,66.99,0.7054,MIntRec,mag_bert,bert-base-uncased,4,mag_bert_MIntRec_multi-class_4_2025-12-03-08-00-43,9e-06,0.5,8,5,0.1,0.2,
71.24,66.61,67.12,67.34,0.7183,MIntRec,mag_bert,bert-base-uncased,2,mag_bert_MIntRec_multi-class_2_2025-12-03-17-21-06,9e-06,0.4,8,5,0.1,0.2,
71.24,67.45,67.78,68.08,0.7155,MIntRec,mag_bert,bert-base-uncased,5,mag_bert_MIntRec_multi-class_5_2025-12-03-18-20-20,9e-06,0.3,8,5,0.1,0.2,
71.01,66.87,67.73,67.09,0.6973,MIntRec,mag_bert,bert-base-uncased,3,mag_bert_MIntRec_multi-class_3_2025-12-02-14-45-55,2.5e-05,0.6,8,5,0.1,0.2,
71.01,66.89,67.28,67.27,0.7012,MIntRec,mag_bert,bert-base-uncased,6,mag_bert_MIntRec_multi-class_6_2025-12-02-14-49-22,2.5e-05,0.6,8,5,0.1,0.2,
71.01,66.61,67.42,66.99,0.7033,MIntRec,mag_bert,bert-base-uncased,6,mag_bert_MIntRec_multi-class_6_2025-12-02-15-16-48,2e-05,0.5,8,5,0.1,0.2,
71.01,67.68,68.63,67.33,0.6893,MIntRec,mag_bert,bert-base-uncased,3,mag_bert_MIntRec_multi-class_3_2025-12-02-15-39-29,2.9999999999999997e-05,0.5,8,5,0.1,0.2,
71.01,65.97,66.6,66.74,0.6985,MIntRec,mag_bert,bert-base-uncased,3,mag_bert_MIntRec_multi-class_3_2025-12-02-15-50-33,1e-05,0.5,8,5,0.1,0.2,
71.01,65.21,65.18,66.46,0.6793,MIntRec,mag_bert,bert-base-uncased,0,mag_bert_MIntRec_multi-class_0_2025-12-02-16-24-24,3e-05,0.45,8,5,0.1,0.2,
71.01,67.32,67.14,68.02,0.7168,MIntRec,mag_bert,bert-base-uncased,6,mag_bert_MIntRec_multi-class_6_2025-12-02-16-47-15,2.5e-05,0.4,8,5,0.1,0.2,
71.01,66.91,67.63,67.12,0.7066,MIntRec,mag_bert,bert-base-uncased,3,mag_bert_MIntRec_multi-class_3_2025-12-02-16-58-17,2.5e-05,0.4,8,5,0.1,0.2,
71.01,66.39,68.83,65.75,0.6943,MIntRec,mag_bert,bert-base-uncased,0,mag_bert_MIntRec_multi-class_0_2025-12-02-17-02-42,3e-05,0.4,8,5,0.1,0.2,
71.01,68.95,70.15,68.8,0.7043,MIntRec,mag_bert,bert-base-uncased,4,mag_bert_MIntRec_multi-class_4_2025-12-02-19-30-10,2e-05,0.45,8,5,0.1,0.2,
71.01,66.63,67.18,67.1,0.7069,MIntRec,mag_bert,bert-base-uncased,1,mag_bert_MIntRec_multi-class_1_2025-12-02-20-12-24,2e-05,0.4,8,5,0.1,0.2,
71.01,67.31,68.01,67.48,0.7115,MIntRec,mag_bert,bert-base-uncased,1,mag_bert_MIntRec_multi-class_1_2025-12-02-21-25-19,3e-05,0.3,8,5,0.1,0.2,
71.01,67.09,67.55,66.92,0.7115,MIntRec,mag_bert,bert-base-uncased,5,mag_bert_MIntRec_multi-class_5_2025-12-02-22-35-49,2.9999999999999997e-05,0.5,8,5,0.1,0.2,
71.01,66.96,67.71,66.7,0.6941,MIntRec,mag_bert,bert-base-uncased,5,mag_bert_MIntRec_multi-class_5_2025-12-02-23-21-54,2.9999999999999997e-05,0.45,8,5,0.1,0.2,
71.01,68.26,69.43,68.41,0.7181,MIntRec,mag_bert,bert-base-uncased,5,mag_bert_MIntRec_multi-class_5_2025-12-03-00-45-26,2.9999999999999997e-05,0.3,8,5,0.1,0.2,
71.01,67.33,67.51,67.75,0.7216,MIntRec,mag_bert,bert-base-uncased,8,mag_bert_MIntRec_multi-class_8_2025-12-03-02-29-02,1e-05,0.5,8,5,0.1,0.2,
71.01,66.2,66.02,67.53,0.7140000000000001,MIntRec,mag_bert,bert-base-uncased,0,mag_bert_MIntRec_multi-class_0_2025-12-03-02-57-14,7.000000000000003e-06,0.5,8,5,0.1,0.2,
71.01,67.1,67.89,67.01,0.7031,MIntRec,mag_bert,bert-base-uncased,3,mag_bert_MIntRec_multi-class_3_2025-12-03-03-22-45,4e-05,0.5,8,5,0.1,0.2,
71.01,65.27,66.6,65.54,0.6926,MIntRec,mag_bert,bert-base-uncased,3,mag_bert_MIntRec_multi-class_3_2025-12-03-03-45-53,5e-06,0.45,8,5,0.1,0.2,
71.01,68.2,69.68,68.06,0.6974,MIntRec,mag_bert,bert-base-uncased,0,mag_bert_MIntRec_multi-class_0_2025-12-03-06-00-59,4e-05,0.4,8,5,0.1,0.2,
71.01,68.75,70.23,68.28,0.6914,MIntRec,mag_bert,bert-base-uncased,0,mag_bert_MIntRec_multi-class_0_2025-12-03-06-15-26,9e-06,0.3,8,5,0.1,0.2,
71.01,67.1,68.17,67.34,0.6917,MIntRec,mag_bert,bert-base-uncased,3,mag_bert_MIntRec_multi-class_3_2025-12-03-06-27-30,4e-05,0.3,8,5,0.1,0.2,
71.01,66.54,66.37,67.7,0.7159,MIntRec,mag_bert,bert-base-uncased,4,mag_bert_MIntRec_multi-class_4_2025-12-03-08-44-46,1.4999999999999999e-05,0.5,8,5,0.1,0.2,
71.01,66.84,66.59,67.93,0.6992,MIntRec,mag_bert,bert-base-uncased,1,mag_bert_MIntRec_multi-class_1_2025-12-03-09-06-23,1.4999999999999999e-05,0.5,8,5,0.1,0.2,
71.01,67.87,67.79,68.69,0.7077,MIntRec,mag_bert,bert-base-uncased,9,mag_bert_MIntRec_multi-class_9_2025-12-03-09-18-07,1.4999999999999999e-05,0.4,8,5,0.1,0.2,
71.01,68.13,68.49,68.53,0.6917,MIntRec,mag_bert,bert-base-uncased,4,mag_bert_MIntRec_multi-class_4_2025-12-03-09-22-27,9e-06,0.45,8,5,0.1,0.2,
71.01,67.89,68.86,68.15,0.7021,MIntRec,mag_bert,bert-base-uncased,4,mag_bert_MIntRec_multi-class_4_2025-12-03-10-12-33,3.5e-05,0.45,8,5,0.1,0.2,
71.01,66.58,67.63,67.57,0.6952,MIntRec,mag_bert,bert-base-uncased,1,mag_bert_MIntRec_multi-class_1_2025-12-03-10-46-39,5e-05,0.45,8,5,0.1,0.2,
71.01,66.1,67.42,66.36,0.6987,MIntRec,mag_bert,bert-base-uncased,9,mag_bert_MIntRec_multi-class_9_2025-12-03-10-51-20,4e-05,0.3,8,5,0.1,0.2,
71.01,69.07,71.69,68.43,0.7049,MIntRec,mag_bert,bert-base-uncased,9,mag_bert_MIntRec_multi-class_9_2025-12-03-10-58-18,5e-05,0.3,8,5,0.1,0.2,
71.01,65.27,65.93,66.27,0.6929,MIntRec,mag_bert,bert-base-uncased,4,mag_bert_MIntRec_multi-class_4_2025-12-03-11-52-40,5e-05,0.4,8,5,0.1,0.2,
71.01,68.81,70.04,69.43,0.6881,MIntRec,mag_bert,bert-base-uncased,6,mag_bert_MIntRec_multi-class_6_2025-12-03-14-47-10,4e-05,0.6,8,5,0.1,0.2,
71.01,66.01,66.94,66.74,0.6917,MIntRec,mag_bert,bert-base-uncased,2,mag_bert_MIntRec_multi-class_2_2025-12-03-15-09-45,7.000000000000003e-06,0.5,8,5,0.1,0.2,
71.01,67.84,68.65,67.79,0.7156,MIntRec,mag_bert,bert-base-uncased,6,mag_bert_MIntRec_multi-class_6_2025-12-03-16-54-19,3.5e-05,0.45,8,5,0.1,0.2,
71.01,67.48,67.71,67.94,0.7032,MIntRec,mag_bert,bert-base-uncased,6,mag_bert_MIntRec_multi-class_6_2025-12-03-17-16-34,9e-06,0.4,8,5,0.1,0.2,
71.01,67.1,67.56,67.45,0.6935,MIntRec,mag_bert,bert-base-uncased,2,mag_bert_MIntRec_multi-class_2_2025-12-03-17-43-47,7.000000000000003e-06,0.4,8,5,0.1,0.2,
70.79,67.23,67.35,67.81,0.7087,MIntRec,mag_bert,bert-base-uncased,6,mag_bert_MIntRec_multi-class_6_2025-12-02-17-06-51,1e-05,0.4,8,5,0.1,0.2,
70.79,67.44,67.18,68.31,0.6927,MIntRec,mag_bert,bert-base-uncased,6,mag_bert_MIntRec_multi-class_6_2025-12-02-17-21-40,2e-05,0.3,8,5,0.1,0.2,
70.79,66.47,68.62,66.3,0.7051,MIntRec,mag_bert,bert-base-uncased,0,mag_bert_MIntRec_multi-class_0_2025-12-02-17-23-53,2e-05,0.3,8,5,0.1,0.2,
70.79,68.4,69.58,68.23,0.7007,MIntRec,mag_bert,bert-base-uncased,0,mag_bert_MIntRec_multi-class_0_2025-12-02-17-47-43,1e-05,0.3,8,5,0.1,0.2,
70.79,66.52,66.69,67.04,0.6996,MIntRec,mag_bert,bert-base-uncased,7,mag_bert_MIntRec_multi-class_7_2025-12-02-18-34-41,1e-05,0.6,8,5,0.1,0.2,
70.79,66.48,67.42,66.76,0.7183,MIntRec,mag_bert,bert-base-uncased,7,mag_bert_MIntRec_multi-class_7_2025-12-02-19-10-18,2.9999999999999997e-05,0.5,8,5,0.1,0.2,
70.79,67.56,67.15,68.84,0.7067,MIntRec,mag_bert,bert-base-uncased,1,mag_bert_MIntRec_multi-class_1_2025-12-02-19-47-45,2.9999999999999997e-05,0.45,8,5,0.1,0.2,
70.79,66.81,66.96,67.87,0.6996,MIntRec,mag_bert,bert-base-uncased,1,mag_bert_MIntRec_multi-class_1_2025-12-02-19-57-35,1e-05,0.45,8,5,0.1,0.2,
70.79,67.03,67.66,67.17,0.7063,MIntRec,mag_bert,bert-base-uncased,7,mag_bert_MIntRec_multi-class_7_2025-12-02-20-49-01,1e-05,0.4,8,5,0.1,0.2,
70.79,65.08,69.53,66.02,0.6861,MIntRec,mag_bert,bert-base-uncased,4,mag_bert_MIntRec_multi-class_4_2025-12-02-21-18-53,3e-05,0.3,8,5,0.1,0.2,
70.79,66.36,66.89,67.33,0.7026,MIntRec,mag_bert,bert-base-uncased,0,mag_bert_MIntRec_multi-class_0_2025-12-03-01-49-45,7.000000000000003e-06,0.6,8,5,0.1,0.2,
70.79,66.9,67.2,67.59,0.7146,MIntRec,mag_bert,bert-base-uncased,8,mag_bert_MIntRec_multi-class_8_2025-12-03-02-19-03,2.9999999999999997e-05,0.5,8,5,0.1,0.2,
70.79,65.86,66.11,66.74,0.6968,MIntRec,mag_bert,bert-base-uncased,3,mag_bert_MIntRec_multi-class_3_2025-12-03-03-29-48,5e-05,0.5,8,5,0.1,0.2,
70.79,68.31,69.43,68.63,0.6966,MIntRec,mag_bert,bert-base-uncased,8,mag_bert_MIntRec_multi-class_8_2025-12-03-03-42-40,2.9999999999999997e-05,0.4,8,5,0.1,0.2,
70.79,66.58,67.35,66.88,0.7120000000000001,MIntRec,mag_bert,bert-base-uncased,8,mag_bert_MIntRec_multi-class_8_2025-12-03-04-05-29,2e-05,0.3,8,5,0.1,0.2,
70.79,65.93,67.12,67.3,0.6948,MIntRec,mag_bert,bert-base-uncased,9,mag_bert_MIntRec_multi-class_9_2025-12-03-04-56-49,5e-06,0.6,8,5,0.1,0.2,
70.79,66.22,66.75,66.75,0.7020000000000001,MIntRec,mag_bert,bert-base-uncased,0,mag_bert_MIntRec_multi-class_0_2025-12-03-05-03-00,9e-06,0.4,8,5,0.1,0.2,
70.79,65.84,65.18,67.96,0.6768,MIntRec,mag_bert,bert-base-uncased,3,mag_bert_MIntRec_multi-class_3_2025-12-03-05-13-27,3.5e-05,0.4,8,5,0.1,0.2,
70.79,67.5,67.75,67.98,0.6702,MIntRec,mag_bert,bert-base-uncased,9,mag_bert_MIntRec_multi-class_9_2025-12-03-05-49-22,4e-05,0.6,8,5,0.1,0.2,
70.79,67.91,68.71,69.13,0.7009,MIntRec,mag_bert,bert-base-uncased,9,mag_bert_MIntRec_multi-class_9_2025-12-03-07-12-39,5e-05,0.5,8,5,0.1,0.2,
70.79,67.16,67.82,67.5,0.6886,MIntRec,mag_bert,bert-base-uncased,4,mag_bert_MIntRec_multi-class_4_2025-12-03-07-43-57,4e-05,0.6,8,5,0.1,0.2,
70.79,66.95,67.38,67.46,0.6974,MIntRec,mag_bert,bert-base-uncased,9,mag_bert_MIntRec_multi-class_9_2025-12-03-07-48-55,7.000000000000003e-06,0.45,8,5,0.1,0.2,
70.79,67.11,67.09,67.91,0.6934,MIntRec,mag_bert,bert-base-uncased,1,mag_bert_MIntRec_multi-class_1_2025-12-03-08-19-27,5e-05,0.6,8,5,0.1,0.2,
70.79,67.53,70.27,66.25,0.6813,MIntRec,mag_bert,bert-base-uncased,9,mag_bert_MIntRec_multi-class_9_2025-12-03-08-32-26,5e-05,0.45,8,5,0.1,0.2,
70.79,67.73,68.1,68.12,0.6935,MIntRec,mag_bert,bert-base-uncased,9,mag_bert_MIntRec_multi-class_9_2025-12-03-09-05-38,7.000000000000003e-06,0.4,8,5,0.1,0.2,
70.79,66.76,67.0,67.53,0.6886,MIntRec,mag_bert,bert-base-uncased,1,mag_bert_MIntRec_multi-class_1_2025-12-03-10-28-12,3.5e-05,0.45,8,5,0.1,0.2,
70.79,67.35,67.92,67.57,0.7043,MIntRec,mag_bert,bert-base-uncased,9,mag_bert_MIntRec_multi-class_9_2025-12-03-10-34-20,1.5e-05,0.3,8,5,0.1,0.2,
70.79,68.0,68.83,68.15,0.7068,MIntRec,mag_bert,bert-base-uncased,4,mag_bert_MIntRec_multi-class_4_2025-12-03-10-38-56,9e-06,0.4,8,5,0.1,0.2,
70.79,67.88,68.3,68.38,0.715,MIntRec,mag_bert,bert-base-uncased,1,mag_bert_MIntRec_multi-class_1_2025-12-03-11-22-40,7.000000000000003e-06,0.4,8,5,0.1,0.2,
70.79,66.87,67.28,68.11,0.7014,MIntRec,mag_bert,bert-base-uncased,1,mag_bert_MIntRec_multi-class_1_2025-12-03-11-56-44,4e-05,0.4,8,5,0.1,0.2,
70.79,65.78,66.43,67.14,0.6909,MIntRec,mag_bert,bert-base-uncased,5,mag_bert_MIntRec_multi-class_5_2025-12-03-15-15-20,4e-05,0.5,8,5,0.1,0.2,
70.79,66.85,67.1,67.32,0.7065,MIntRec,mag_bert,bert-base-uncased,2,mag_bert_MIntRec_multi-class_2_2025-12-03-15-54-41,9e-06,0.45,8,5,0.1,0.2,
70.79,67.06,66.75,68.06,0.7179,MIntRec,mag_bert,bert-base-uncased,5,mag_bert_MIntRec_multi-class_5_2025-12-03-17-21-36,7.000000000000003e-06,0.4,8,5,0.1,0.2,
70.79,66.79,66.64,67.55,0.7087,MIntRec,mag_bert,bert-base-uncased,2,mag_bert_MIntRec_multi-class_2_2025-12-03-17-54-15,1.4999999999999999e-05,0.4,8,5,0.1,0.2,
70.79,67.39,68.35,67.04,0.7002,MIntRec,mag_bert,bert-base-uncased,5,mag_bert_MIntRec_multi-class_5_2025-12-03-19-12-58,4e-05,0.3,8,5,0.1,0.2,
70.79,66.88,67.95,67.14,0.6873,MIntRec,mag_bert,bert-base-uncased,5,mag_bert_MIntRec_multi-class_5_2025-12-03-19-21-57,5e-05,0.3,8,5,0.1,0.2,
70.79,67.65,68.05,68.34,0.7018,MIntRec,mag_bert,bert-base-uncased,6,mag_bert_MIntRec_multi-class_6_2025-12-03-19-23-54,4e-05,0.3,8,5,0.1,0.2,
70.79,67.64,67.82,68.03,0.6899,MIntRec,mag_bert,bert-base-uncased,0,mag_bert_MIntRec_multi-class_0_2025-12-04-06-54-19,2.5e-05,0.45,8,5,0.1,0.2,0.02
70.56,67.7,68.78,67.84,0.6901,MIntRec,mag_bert,bert-base-uncased,4,mag_bert_MIntRec_multi-class_4_2025-12-02-19-01-50,2.9999999999999997e-05,0.5,8,5,0.1,0.2,
70.56,66.46,67.93,66.2,0.7022,MIntRec,mag_bert,bert-base-uncased,1,mag_bert_MIntRec_multi-class_1_2025-12-02-19-40-05,2.5e-05,0.45,8,5,0.1,0.2,
70.56,66.86,66.96,67.66,0.6970000000000001,MIntRec,mag_bert,bert-base-uncased,1,mag_bert_MIntRec_multi-class_1_2025-12-02-21-03-45,2e-05,0.3,8,5,0.1,0.2,
70.56,65.83,66.42,67.02,0.7063,MIntRec,mag_bert,bert-base-uncased,2,mag_bert_MIntRec_multi-class_2_2025-12-02-22-38-22,2.5e-05,0.5,8,5,0.1,0.2,
70.56,66.04,66.6,67.02,0.7033,MIntRec,mag_bert,bert-base-uncased,2,mag_bert_MIntRec_multi-class_2_2025-12-02-22-46-10,3e-05,0.5,8,5,0.1,0.2,
70.56,66.14,67.32,66.31,0.7137,MIntRec,mag_bert,bert-base-uncased,5,mag_bert_MIntRec_multi-class_5_2025-12-02-23-41-19,2e-05,0.4,8,5,0.1,0.2,
70.56,67.36,68.49,67.22,0.7125,MIntRec,mag_bert,bert-base-uncased,5,mag_bert_MIntRec_multi-class_5_2025-12-02-23-57-16,3e-05,0.4,8,5,0.1,0.2,
70.56,66.97,67.29,67.73,0.6973,MIntRec,mag_bert,bert-base-uncased,0,mag_bert_MIntRec_multi-class_0_2025-12-03-02-01-08,1.4999999999999999e-05,0.6,8,5,0.1,0.2,
70.56,67.7,68.4,68.97,0.6846,MIntRec,mag_bert,bert-base-uncased,0,mag_bert_MIntRec_multi-class_0_2025-12-03-02-12-22,3.5e-05,0.6,8,5,0.1,0.2,
70.56,66.79,66.99,67.57,0.6894,MIntRec,mag_bert,bert-base-uncased,3,mag_bert_MIntRec_multi-class_3_2025-12-03-02-16-56,4e-05,0.6,8,5,0.1,0.2,
70.56,66.16,65.95,67.45,0.6976,MIntRec,mag_bert,bert-base-uncased,3,mag_bert_MIntRec_multi-class_3_2025-12-03-02-32-19,9e-06,0.5,8,5,0.1,0.2,
70.56,66.49,66.98,67.49,0.6962,MIntRec,mag_bert,bert-base-uncased,0,mag_bert_MIntRec_multi-class_0_2025-12-03-03-34-56,4e-05,0.5,8,5,0.1,0.2,
70.56,67.87,69.21,67.54,0.7186,MIntRec,mag_bert,bert-base-uncased,8,mag_bert_MIntRec_multi-class_8_2025-12-03-03-50-10,1e-05,0.4,8,5,0.1,0.2,
70.56,66.23,66.08,67.63,0.7145,MIntRec,mag_bert,bert-base-uncased,3,mag_bert_MIntRec_multi-class_3_2025-12-03-04-06-03,1.4999999999999999e-05,0.45,8,5,0.1,0.2,
70.56,65.38,65.22,67.4,0.6913,MIntRec,mag_bert,bert-base-uncased,3,mag_bert_MIntRec_multi-class_3_2025-12-03-05-19-39,4e-05,0.4,8,5,0.1,0.2,
70.56,65.99,66.69,66.48,0.7007,MIntRec,mag_bert,bert-base-uncased,0,mag_bert_MIntRec_multi-class_0_2025-12-03-05-27-27,7.000000000000003e-06,0.4,8,5,0.1,0.2,
70.56,66.38,66.43,68.4,0.6912,MIntRec,mag_bert,bert-base-uncased,0,mag_bert_MIntRec_multi-class_0_2025-12-03-06-09-31,5e-05,0.4,8,5,0.1,0.2,
70.56,67.07,67.54,67.39,0.7070000000000001,MIntRec,mag_bert,bert-base-uncased,9,mag_bert_MIntRec_multi-class_9_2025-12-03-06-07-27,9e-06,0.5,8,5,0.1,0.2,
70.56,67.44,68.05,67.93,0.6786,MIntRec,mag_bert,bert-base-uncased,0,mag_bert_MIntRec_multi-class_0_2025-12-03-06-24-06,5e-06,0.3,8,5,0.1,0.2,
70.56,65.14,64.95,66.55,0.6923,MIntRec,mag_bert,bert-base-uncased,4,mag_bert_MIntRec_multi-class_4_2025-12-03-07-10-59,7.000000000000003e-06,0.6,8,5,0.1,0.2,
70.56,65.26,65.2,66.86,0.7007,MIntRec,mag_bert,bert-base-uncased,1,mag_bert_MIntRec_multi-class_1_2025-12-03-07-14-13,9e-06,0.6,8,5,0.1,0.2,
70.56,67.58,69.29,67.71,0.7062,MIntRec,mag_bert,bert-base-uncased,9,mag_bert_MIntRec_multi-class_9_2025-12-03-08-16-13,3.5e-05,0.45,8,5,0.1,0.2,
70.56,64.66,65.94,65.19,0.684,MIntRec,mag_bert,bert-base-uncased,4,mag_bert_MIntRec_multi-class_4_2025-12-03-11-40-19,3.5e-05,0.4,8,5,0.1,0.2,
70.56,65.49,65.16,67.14,0.7047,MIntRec,mag_bert,bert-base-uncased,5,mag_bert_MIntRec_multi-class_5_2025-12-03-13-17-05,5e-06,0.6,8,5,0.1,0.2,
70.56,65.89,67.07,66.65,0.7143,MIntRec,mag_bert,bert-base-uncased,5,mag_bert_MIntRec_multi-class_5_2025-12-03-13-31-59,7.000000000000003e-06,0.6,8,5,0.1,0.2,
70.56,65.39,64.49,67.06,0.7016,MIntRec,mag_bert,bert-base-uncased,2,mag_bert_MIntRec_multi-class_2_2025-12-03-13-32-16,5e-06,0.6,8,5,0.1,0.2,
70.56,66.77,68.78,66.26,0.6916,MIntRec,mag_bert,bert-base-uncased,5,mag_bert_MIntRec_multi-class_5_2025-12-03-14-07-14,4e-05,0.6,8,5,0.1,0.2,
70.56,66.42,67.04,66.84,0.6946,MIntRec,mag_bert,bert-base-uncased,2,mag_bert_MIntRec_multi-class_2_2025-12-03-14-06-12,1.4999999999999999e-05,0.6,8,5,0.1,0.2,
70.56,67.77,68.09,68.61,0.6958,MIntRec,mag_bert,bert-base-uncased,5,mag_bert_MIntRec_multi-class_5_2025-12-03-15-07-12,3.5e-05,0.5,8,5,0.1,0.2,
70.56,66.8,68.35,68.25,0.701,MIntRec,mag_bert,bert-base-uncased,2,mag_bert_MIntRec_multi-class_2_2025-12-03-15-31-05,3.5e-05,0.5,8,5,0.1,0.2,
70.56,65.17,65.54,66.81,0.6919,MIntRec,mag_bert,bert-base-uncased,2,mag_bert_MIntRec_multi-class_2_2025-12-03-15-39-06,4e-05,0.5,8,5,0.1,0.2,
70.56,66.14,66.62,66.63,0.6966,MIntRec,mag_bert,bert-base-uncased,6,mag_bert_MIntRec_multi-class_6_2025-12-03-15-41-38,1.5e-05,0.5,8,5,0.1,0.2,
70.56,68.27,70.25,67.77,0.7039,MIntRec,mag_bert,bert-base-uncased,6,mag_bert_MIntRec_multi-class_6_2025-12-03-17-02-48,4e-05,0.45,8,5,0.1,0.2,
70.56,68.12,69.23,68.42,0.6982,MIntRec,mag_bert,bert-base-uncased,6,mag_bert_MIntRec_multi-class_6_2025-12-03-17-09-38,5e-05,0.45,8,5,0.1,0.2,
70.56,67.75,68.73,67.72,0.7129,MIntRec,mag_bert,bert-base-uncased,6,mag_bert_MIntRec_multi-class_6_2025-12-03-18-05-20,3.5e-05,0.4,8,5,0.1,0.2,
70.56,65.51,67.32,66.19,0.6965,MIntRec,mag_bert,bert-base-uncased,6,mag_bert_MIntRec_multi-class_6_2025-12-03-18-57-43,7.000000000000003e-06,0.3,8,5,0.1,0.2,
70.34,65.97,66.76,67.22,0.6951,MIntRec,mag_bert,bert-base-uncased,1,mag_bert_MIntRec_multi-class_1_2025-12-02-18-32-37,1e-05,0.6,8,5,0.1,0.2,
70.34,67.14,67.24,67.75,0.7120000000000001,MIntRec,mag_bert,bert-base-uncased,1,mag_bert_MIntRec_multi-class_1_2025-12-02-18-54-29,2.5e-05,0.5,8,5,0.1,0.2,
70.34,66.51,66.87,67.22,0.7084,MIntRec,mag_bert,bert-base-uncased,1,mag_bert_MIntRec_multi-class_1_2025-12-02-20-45-27,1e-05,0.4,8,5,0.1,0.2,
70.34,66.47,66.28,67.24,0.7085,MIntRec,mag_bert,bert-base-uncased,4,mag_bert_MIntRec_multi-class_4_2025-12-02-21-25-59,1e-05,0.3,8,5,0.1,0.2,
70.34,65.79,66.27,66.68,0.6978,MIntRec,mag_bert,bert-base-uncased,5,mag_bert_MIntRec_multi-class_5_2025-12-02-22-10-35,1e-05,0.6,8,5,0.1,0.2,
70.34,65.23,65.65,66.6,0.6999,MIntRec,mag_bert,bert-base-uncased,0,mag_bert_MIntRec_multi-class_0_2025-12-03-01-33-58,5e-06,0.6,8,5,0.1,0.2,
70.34,66.72,68.81,65.66,0.7045,MIntRec,mag_bert,bert-base-uncased,8,mag_bert_MIntRec_multi-class_8_2025-12-03-04-24-14,3e-05,0.3,8,5,0.1,0.2,
70.34,65.56,66.02,65.95,0.7073,MIntRec,mag_bert,bert-base-uncased,8,mag_bert_MIntRec_multi-class_8_2025-12-03-04-30-39,1e-05,0.3,8,5,0.1,0.2,
70.34,65.56,66.37,66.14,0.6992,MIntRec,mag_bert,bert-base-uncased,0,mag_bert_MIntRec_multi-class_0_2025-12-03-05-15-30,5e-06,0.4,8,5,0.1,0.2,
70.34,65.29,65.53,66.28,0.7013,MIntRec,mag_bert,bert-base-uncased,9,mag_bert_MIntRec_multi-class_9_2025-12-03-05-29-30,1.5e-05,0.6,8,5,0.1,0.2,
70.34,65.1,65.8,65.17,0.6920000000000001,MIntRec,mag_bert,bert-base-uncased,3,mag_bert_MIntRec_multi-class_3_2025-12-03-05-46-10,5e-06,0.3,8,5,0.1,0.2,
70.34,65.97,66.58,66.74,0.6862,MIntRec,mag_bert,bert-base-uncased,4,mag_bert_MIntRec_multi-class_4_2025-12-03-06-47-36,9e-06,0.6,8,5,0.1,0.2,
70.34,65.92,66.53,66.0,0.7035,MIntRec,mag_bert,bert-base-uncased,9,mag_bert_MIntRec_multi-class_9_2025-12-03-06-49-37,1.4999999999999999e-05,0.5,8,5,0.1,0.2,
70.34,65.43,64.75,67.17,0.6829,MIntRec,mag_bert,bert-base-uncased,1,mag_bert_MIntRec_multi-class_1_2025-12-03-08-11-45,4e-05,0.6,8,5,0.1,0.2,
70.34,67.23,67.82,68.34,0.7068,MIntRec,mag_bert,bert-base-uncased,1,mag_bert_MIntRec_multi-class_1_2025-12-03-08-28-28,9e-06,0.5,8,5,0.1,0.2,
70.34,67.27,67.37,67.85,0.7119,MIntRec,mag_bert,bert-base-uncased,9,mag_bert_MIntRec_multi-class_9_2025-12-03-08-39-09,9e-06,0.4,8,5,0.1,0.2,
70.34,66.56,66.75,66.82,0.7017,MIntRec,mag_bert,bert-base-uncased,4,mag_bert_MIntRec_multi-class_4_2025-12-03-09-02-24,4e-05,0.5,8,5,0.1,0.2,
70.34,66.4,69.0,66.4,0.6684,MIntRec,mag_bert,bert-base-uncased,4,mag_bert_MIntRec_multi-class_4_2025-12-03-09-13-15,5e-05,0.5,8,5,0.1,0.2,
70.34,67.69,67.92,68.64,0.6908,MIntRec,mag_bert,bert-base-uncased,1,mag_bert_MIntRec_multi-class_1_2025-12-03-12-11-31,9e-06,0.3,8,5,0.1,0.2,
70.34,64.71,63.98,66.31,0.6888,MIntRec,mag_bert,bert-base-uncased,5,mag_bert_MIntRec_multi-class_5_2025-12-03-13-08-27,9e-06,0.6,8,5,0.1,0.2,
70.34,66.52,68.71,67.21,0.6942,MIntRec,mag_bert,bert-base-uncased,2,mag_bert_MIntRec_multi-class_2_2025-12-03-14-33-03,5e-05,0.6,8,5,0.1,0.2,
70.34,66.47,67.59,66.2,0.6892,MIntRec,mag_bert,bert-base-uncased,6,mag_bert_MIntRec_multi-class_6_2025-12-03-14-38-00,3.5e-05,0.6,8,5,0.1,0.2,
70.34,66.51,67.53,66.88,0.7053,MIntRec,mag_bert,bert-base-uncased,5,mag_bert_MIntRec_multi-class_5_2025-12-03-14-55-08,1.4999999999999999e-05,0.5,8,5,0.1,0.2,
70.34,66.73,66.99,67.29,0.693,MIntRec,mag_bert,bert-base-uncased,6,mag_bert_MIntRec_multi-class_6_2025-12-03-15-28-05,7.000000000000003e-06,0.5,8,5,0.1,0.2,
70.34,65.72,66.12,66.34,0.7094,MIntRec,mag_bert,bert-base-uncased,6,mag_bert_MIntRec_multi-class_6_2025-12-03-16-44-19,1.5e-05,0.45,8,5,0.1,0.2,
70.34,66.69,66.82,67.27,0.7166,MIntRec,mag_bert,bert-base-uncased,5,mag_bert_MIntRec_multi-class_5_2025-12-03-17-38-49,1.5e-05,0.4,8,5,0.1,0.2,
70.34,66.07,66.8,66.07,0.7033,MIntRec,mag_bert,bert-base-uncased,6,mag_bert_MIntRec_multi-class_6_2025-12-03-17-56-50,1.5e-05,0.4,8,5,0.1,0.2,
70.34,65.55,69.91,64.23,0.6946,MIntRec,mag_bert,bert-base-uncased,6,mag_bert_MIntRec_multi-class_6_2025-12-03-19-07-16,1.5e-05,0.3,8,5,0.1,0.2,
70.11,64.79,64.37,66.0,0.7034,MIntRec,mag_bert,bert-base-uncased,6,mag_bert_MIntRec_multi-class_6_2025-12-02-16-27-02,1e-05,0.45,8,5,0.1,0.2,
70.11,64.58,64.38,65.99,0.7058,MIntRec,mag_bert,bert-base-uncased,0,mag_bert_MIntRec_multi-class_0_2025-12-02-16-31-09,1e-05,0.45,8,5,0.1,0.2,
70.11,63.72,64.9,64.41,0.718,MIntRec,mag_bert,bert-base-uncased,3,mag_bert_MIntRec_multi-class_3_2025-12-02-16-38-22,1e-05,0.45,8,5,0.1,0.2,
70.11,67.08,67.39,67.72,0.7031,MIntRec,mag_bert,bert-base-uncased,6,mag_bert_MIntRec_multi-class_6_2025-12-02-17-48-04,1e-05,0.3,8,5,0.1,0.2,
70.11,65.23,66.76,66.25,0.7057,MIntRec,mag_bert,bert-base-uncased,4,mag_bert_MIntRec_multi-class_4_2025-12-02-19-59-07,1e-05,0.45,8,5,0.1,0.2,
70.11,66.05,66.08,67.13,0.7217,MIntRec,mag_bert,bert-base-uncased,2,mag_bert_MIntRec_multi-class_2_2025-12-03-00-19-34,1e-05,0.4,8,5,0.1,0.2,
70.11,66.57,65.79,68.11,0.7051,MIntRec,mag_bert,bert-base-uncased,2,mag_bert_MIntRec_multi-class_2_2025-12-03-00-31-31,2e-05,0.3,8,5,0.1,0.2,
70.11,63.87,63.94,64.98,0.6970000000000001,MIntRec,mag_bert,bert-base-uncased,3,mag_bert_MIntRec_multi-class_3_2025-12-03-02-54-41,7.000000000000003e-06,0.5,8,5,0.1,0.2,
70.11,64.05,66.4,64.45,0.6970000000000001,MIntRec,mag_bert,bert-base-uncased,3,mag_bert_MIntRec_multi-class_3_2025-12-03-04-44-42,5e-06,0.4,8,5,0.1,0.2,
70.11,64.81,66.1,65.32,0.6999,MIntRec,mag_bert,bert-base-uncased,3,mag_bert_MIntRec_multi-class_3_2025-12-03-04-53-57,7.000000000000003e-06,0.4,8,5,0.1,0.2,
70.11,66.22,66.23,66.7,0.7015,MIntRec,mag_bert,bert-base-uncased,3,mag_bert_MIntRec_multi-class_3_2025-12-03-05-34-37,9e-06,0.3,8,5,0.1,0.2,
70.11,67.82,69.52,67.42,0.6903,MIntRec,mag_bert,bert-base-uncased,3,mag_bert_MIntRec_multi-class_3_2025-12-03-06-20-17,3.5e-05,0.3,8,5,0.1,0.2,
70.11,64.5,64.76,65.65,0.6944,MIntRec,mag_bert,bert-base-uncased,9,mag_bert_MIntRec_multi-class_9_2025-12-03-06-19-56,5e-06,0.5,8,5,0.1,0.2,
70.11,65.79,66.29,67.23,0.6936,MIntRec,mag_bert,bert-base-uncased,1,mag_bert_MIntRec_multi-class_1_2025-12-03-07-36-53,7.000000000000003e-06,0.6,8,5,0.1,0.2,
70.11,66.32,66.44,67.43,0.7026,MIntRec,mag_bert,bert-base-uncased,4,mag_bert_MIntRec_multi-class_4_2025-12-03-08-11-49,5e-06,0.5,8,5,0.1,0.2,
70.11,66.68,68.49,66.38,0.6765,MIntRec,mag_bert,bert-base-uncased,9,mag_bert_MIntRec_multi-class_9_2025-12-03-09-49-22,5e-05,0.4,8,5,0.1,0.2,
70.11,65.98,66.0,66.97,0.7048,MIntRec,mag_bert,bert-base-uncased,1,mag_bert_MIntRec_multi-class_1_2025-12-03-09-49-36,5e-06,0.45,8,5,0.1,0.2,
70.11,67.16,68.82,66.84,0.6937,MIntRec,mag_bert,bert-base-uncased,4,mag_bert_MIntRec_multi-class_4_2025-12-03-10-29-06,5e-05,0.45,8,5,0.1,0.2,
70.11,66.07,66.54,66.51,0.6979,MIntRec,mag_bert,bert-base-uncased,1,mag_bert_MIntRec_multi-class_1_2025-12-03-11-04-11,5e-06,0.4,8,5,0.1,0.2,
70.11,67.23,67.64,67.69,0.7144,MIntRec,mag_bert,bert-base-uncased,4,mag_bert_MIntRec_multi-class_4_2025-12-03-11-13-06,7.000000000000003e-06,0.4,8,5,0.1,0.2,
70.11,66.56,66.8,67.13,0.7006,MIntRec,mag_bert,bert-base-uncased,4,mag_bert_MIntRec_multi-class_4_2025-12-03-11-58-53,9e-06,0.3,8,5,0.1,0.2,
70.11,65.82,65.53,66.88,0.6876,MIntRec,mag_bert,bert-base-uncased,2,mag_bert_MIntRec_multi-class_2_2025-12-03-14-15-47,3.5e-05,0.6,8,5,0.1,0.2,
70.11,65.04,65.94,65.79,0.6926,MIntRec,mag_bert,bert-base-uncased,5,mag_bert_MIntRec_multi-class_5_2025-12-03-14-43-54,7.000000000000003e-06,0.5,8,5,0.1,0.2,
70.11,66.44,66.45,67.03,0.7066,MIntRec,mag_bert,bert-base-uncased,5,mag_bert_MIntRec_multi-class_5_2025-12-03-17-00-23,5e-06,0.4,8,5,0.1,0.2,
70.11,66.6,67.81,66.68,0.6968,MIntRec,mag_bert,bert-base-uncased,5,mag_bert_MIntRec_multi-class_5_2025-12-03-18-05-05,4e-05,0.4,8,5,0.1,0.2,
70.11,66.19,66.52,67.01,0.7046,MIntRec,mag_bert,bert-base-uncased,5,mag_bert_MIntRec_multi-class_5_2025-12-03-18-43-20,7.000000000000003e-06,0.3,8,5,0.1,0.2,
70.11,66.19,67.66,66.08,0.7163,MIntRec,mag_bert,bert-base-uncased,6,mag_bert_MIntRec_multi-class_6_2025-12-03-19-31-07,5e-05,0.3,8,5,0.1,0.2,
70.11,66.68,67.62,66.96,0.7058,MIntRec,mag_bert,bert-base-uncased,0,mag_bert_MIntRec_multi-class_0_2025-12-04-07-20-29,2.5e-05,0.45,8,5,0.1,0.2,0.03
69.89,63.82,63.09,65.57,0.6899,MIntRec,mag_bert,bert-base-uncased,3,mag_bert_MIntRec_multi-class_3_2025-12-02-14-38-55,2e-05,0.6,8,5,0.1,0.2,
69.89,64.33,63.79,65.36,0.6853,MIntRec,mag_bert,bert-base-uncased,4,mag_bert_MIntRec_multi-class_4_2025-12-02-18-31-00,1e-05,0.6,8,5,0.1,0.2,
69.89,67.16,67.18,67.9,0.7016,MIntRec,mag_bert,bert-base-uncased,4,mag_bert_MIntRec_multi-class_4_2025-12-02-18-42-41,2e-05,0.5,8,5,0.1,0.2,
69.89,66.81,66.3,67.88,0.7020000000000001,MIntRec,mag_bert,bert-base-uncased,4,mag_bert_MIntRec_multi-class_4_2025-12-02-18-52-27,2.5e-05,0.5,8,5,0.1,0.2,
69.89,64.93,65.62,65.98,0.7025,MIntRec,mag_bert,bert-base-uncased,5,mag_bert_MIntRec_multi-class_5_2025-12-02-22-46-20,1e-05,0.5,8,5,0.1,0.2,
69.89,66.42,66.68,67.42,0.7034,MIntRec,mag_bert,bert-base-uncased,2,mag_bert_MIntRec_multi-class_2_2025-12-02-23-17-52,2.5e-05,0.45,8,5,0.1,0.2,
69.89,66.51,67.63,66.7,0.7104,MIntRec,mag_bert,bert-base-uncased,2,mag_bert_MIntRec_multi-class_2_2025-12-03-00-41-09,2.5e-05,0.3,8,5,0.1,0.2,
69.89,64.66,63.72,66.67,0.6992,MIntRec,mag_bert,bert-base-uncased,3,mag_bert_MIntRec_multi-class_3_2025-12-03-01-48-10,7.000000000000003e-06,0.6,8,5,0.1,0.2,
69.89,65.8,67.49,66.43,0.6739,MIntRec,mag_bert,bert-base-uncased,3,mag_bert_MIntRec_multi-class_3_2025-12-03-02-08-40,3.5e-05,0.6,8,5,0.1,0.2,
69.89,66.85,69.37,67.26,0.6693,MIntRec,mag_bert,bert-base-uncased,3,mag_bert_MIntRec_multi-class_3_2025-12-03-02-23-53,5e-05,0.6,8,5,0.1,0.2,
69.89,65.33,64.59,67.13,0.6975,MIntRec,mag_bert,bert-base-uncased,3,mag_bert_MIntRec_multi-class_3_2025-12-03-03-04-46,1.5e-05,0.5,8,5,0.1,0.2,
69.89,66.85,67.72,66.91,0.6922,MIntRec,mag_bert,bert-base-uncased,8,mag_bert_MIntRec_multi-class_8_2025-12-03-03-31-42,2.5e-05,0.4,8,5,0.1,0.2,
69.89,64.37,65.24,65.15,0.6933,MIntRec,mag_bert,bert-base-uncased,0,mag_bert_MIntRec_multi-class_0_2025-12-03-04-01-42,5e-06,0.45,8,5,0.1,0.2,
69.89,65.01,65.4,65.82,0.7033,MIntRec,mag_bert,bert-base-uncased,3,mag_bert_MIntRec_multi-class_3_2025-12-03-04-15-05,3.5e-05,0.45,8,5,0.1,0.2,
69.89,65.51,65.44,66.93,0.7064,MIntRec,mag_bert,bert-base-uncased,3,mag_bert_MIntRec_multi-class_3_2025-12-03-04-28-08,5e-05,0.45,8,5,0.1,0.2,
69.89,66.04,67.15,66.43,0.6844,MIntRec,mag_bert,bert-base-uncased,0,mag_bert_MIntRec_multi-class_0_2025-12-03-04-50-33,4e-05,0.45,8,5,0.1,0.2,
69.89,65.52,65.32,66.63,0.6989,MIntRec,mag_bert,bert-base-uncased,9,mag_bert_MIntRec_multi-class_9_2025-12-03-05-15-16,7.000000000000003e-06,0.6,8,5,0.1,0.2,
69.89,67.25,66.72,68.69,0.6904,MIntRec,mag_bert,bert-base-uncased,3,mag_bert_MIntRec_multi-class_3_2025-12-03-06-38-34,5e-05,0.3,8,5,0.1,0.2,
69.89,66.09,66.59,66.88,0.7045,MIntRec,mag_bert,bert-base-uncased,0,mag_bert_MIntRec_multi-class_0_2025-12-03-06-47-46,1.4999999999999999e-05,0.3,8,5,0.1,0.2,
69.89,65.44,66.45,65.57,0.7122,MIntRec,mag_bert,bert-base-uncased,0,mag_bert_MIntRec_multi-class_0_2025-12-03-07-02-08,4e-05,0.3,8,5,0.1,0.2,
69.89,66.57,66.33,67.54,0.6979,MIntRec,mag_bert,bert-base-uncased,9,mag_bert_MIntRec_multi-class_9_2025-12-03-07-32-17,5e-06,0.45,8,5,0.1,0.2,
69.89,66.0,66.29,66.75,0.7059,MIntRec,mag_bert,bert-base-uncased,9,mag_bert_MIntRec_multi-class_9_2025-12-03-08-51-29,5e-06,0.4,8,5,0.1,0.2,
69.89,66.17,66.23,67.15,0.7128,MIntRec,mag_bert,bert-base-uncased,4,mag_bert_MIntRec_multi-class_4_2025-12-03-09-45-33,7.000000000000003e-06,0.45,8,5,0.1,0.2,
69.89,66.36,66.79,66.74,0.7005,MIntRec,mag_bert,bert-base-uncased,4,mag_bert_MIntRec_multi-class_4_2025-12-03-10-02-39,1.4999999999999999e-05,0.45,8,5,0.1,0.2,
69.89,66.86,66.27,68.22,0.6987,MIntRec,mag_bert,bert-base-uncased,1,mag_bert_MIntRec_multi-class_1_2025-12-03-10-52-37,9e-06,0.4,8,5,0.1,0.2,
69.89,66.88,67.34,67.34,0.6976,MIntRec,mag_bert,bert-base-uncased,4,mag_bert_MIntRec_multi-class_4_2025-12-03-12-39-48,1.5e-05,0.3,8,5,0.1,0.2,
69.89,64.68,66.02,65.3,0.6988,MIntRec,mag_bert,bert-base-uncased,6,mag_bert_MIntRec_multi-class_6_2025-12-03-14-28-42,1.4999999999999999e-05,0.6,8,5,0.1,0.2,
69.89,65.19,67.25,65.53,0.693,MIntRec,mag_bert,bert-base-uncased,6,mag_bert_MIntRec_multi-class_6_2025-12-03-15-02-38,9e-06,0.5,8,5,0.1,0.2,
69.89,65.3,66.6,66.63,0.6891,MIntRec,mag_bert,bert-base-uncased,5,mag_bert_MIntRec_multi-class_5_2025-12-03-15-22-10,5e-05,0.5,8,5,0.1,0.2,
69.89,63.79,64.42,64.61,0.6987,MIntRec,mag_bert,bert-base-uncased,5,mag_bert_MIntRec_multi-class_5_2025-12-03-15-53-28,7.000000000000003e-06,0.45,8,5,0.1,0.2,
69.89,67.7,68.74,68.19,0.6907,MIntRec,mag_bert,bert-base-uncased,6,mag_bert_MIntRec_multi-class_6_2025-12-03-18-19-30,5e-05,0.4,8,5,0.1,0.2,
69.89,65.86,66.43,66.71,0.703,MIntRec,mag_bert,bert-base-uncased,5,mag_bert_MIntRec_multi-class_5_2025-12-03-18-55-32,1.4999999999999999e-05,0.3,8,5,0.1,0.2,
69.89,63.54,63.26,65.47,0.6799,MIntRec,mag_bert,bert-base-uncased,0,mag_bert_MIntRec_multi-class_0_2025-12-04-06-48-06,2.5e-05,0.45,8,5,0.1,0.2,0.04
69.66,63.43,63.66,64.73,0.6837,MIntRec,mag_bert,bert-base-uncased,6,mag_bert_MIntRec_multi-class_6_2025-12-02-15-07-39,1e-05,0.6,8,5,0.1,0.2,
69.66,65.78,66.0,67.15,0.7018,MIntRec,mag_bert,bert-base-uncased,0,mag_bert_MIntRec_multi-class_0_2025-12-02-17-10-08,1e-05,0.4,8,5,0.1,0.2,
69.66,66.02,66.84,67.1,0.6957,MIntRec,mag_bert,bert-base-uncased,0,mag_bert_MIntRec_multi-class_0_2025-12-02-17-40-45,2.9999999999999997e-05,0.3,8,5,0.1,0.2,
69.66,66.18,66.86,66.98,0.7022,MIntRec,mag_bert,bert-base-uncased,3,mag_bert_MIntRec_multi-class_3_2025-12-02-17-55-00,1e-05,0.3,8,5,0.1,0.2,
69.66,65.22,65.04,66.67,0.7136,MIntRec,mag_bert,bert-base-uncased,4,mag_bert_MIntRec_multi-class_4_2025-12-02-19-12-31,1e-05,0.5,8,5,0.1,0.2,
69.66,65.69,65.97,66.28,0.6984,MIntRec,mag_bert,bert-base-uncased,7,mag_bert_MIntRec_multi-class_7_2025-12-02-20-06-08,1e-05,0.45,8,5,0.1,0.2,
69.66,65.91,66.57,66.25,0.6997,MIntRec,mag_bert,bert-base-uncased,4,mag_bert_MIntRec_multi-class_4_2025-12-02-21-08-08,2.5e-05,0.3,8,5,0.1,0.2,
69.66,65.27,66.06,66.08,0.7049,MIntRec,mag_bert,bert-base-uncased,2,mag_bert_MIntRec_multi-class_2_2025-12-02-23-07-18,2e-05,0.45,8,5,0.1,0.2,
69.66,66.25,66.66,67.41,0.7087,MIntRec,mag_bert,bert-base-uncased,5,mag_bert_MIntRec_multi-class_5_2025-12-02-23-11-24,2.5e-05,0.45,8,5,0.1,0.2,
69.66,66.42,67.58,66.79,0.6993,MIntRec,mag_bert,bert-base-uncased,5,mag_bert_MIntRec_multi-class_5_2025-12-02-23-48-55,2.5e-05,0.4,8,5,0.1,0.2,
69.66,65.91,67.4,65.88,0.6846,MIntRec,mag_bert,bert-base-uncased,0,mag_bert_MIntRec_multi-class_0_2025-12-03-02-19-54,4e-05,0.6,8,5,0.1,0.2,
69.66,64.47,64.72,65.58,0.706,MIntRec,mag_bert,bert-base-uncased,8,mag_bert_MIntRec_multi-class_8_2025-12-03-03-11-09,1e-05,0.45,8,5,0.1,0.2,
69.66,65.94,66.53,66.07,0.7026,MIntRec,mag_bert,bert-base-uncased,0,mag_bert_MIntRec_multi-class_0_2025-12-03-06-35-49,7.000000000000003e-06,0.3,8,5,0.1,0.2,
69.66,65.99,65.61,67.41,0.6997,MIntRec,mag_bert,bert-base-uncased,4,mag_bert_MIntRec_multi-class_4_2025-12-03-08-28-04,7.000000000000003e-06,0.5,8,5,0.1,0.2,
69.66,65.36,65.29,66.45,0.6869,MIntRec,mag_bert,bert-base-uncased,1,mag_bert_MIntRec_multi-class_1_2025-12-03-08-40-31,5e-06,0.5,8,5,0.1,0.2,
69.66,66.46,69.07,66.34,0.6934,MIntRec,mag_bert,bert-base-uncased,9,mag_bert_MIntRec_multi-class_9_2025-12-03-09-41-40,4e-05,0.4,8,5,0.1,0.2,
69.66,66.36,66.79,67.35,0.7036,MIntRec,mag_bert,bert-base-uncased,1,mag_bert_MIntRec_multi-class_1_2025-12-03-09-38-03,9e-06,0.45,8,5,0.1,0.2,
69.66,64.7,65.52,65.06,0.6923,MIntRec,mag_bert,bert-base-uncased,9,mag_bert_MIntRec_multi-class_9_2025-12-03-09-55-56,9e-06,0.3,8,5,0.1,0.2,
69.66,65.54,65.87,65.95,0.6915,MIntRec,mag_bert,bert-base-uncased,9,mag_bert_MIntRec_multi-class_9_2025-12-03-10-05-38,5e-06,0.3,8,5,0.1,0.2,
69.66,67.18,67.93,67.39,0.7026,MIntRec,mag_bert,bert-base-uncased,4,mag_bert_MIntRec_multi-class_4_2025-12-03-10-57-09,5e-06,0.4,8,5,0.1,0.2,
69.66,65.92,66.41,66.58,0.7048,MIntRec,mag_bert,bert-base-uncased,4,mag_bert_MIntRec_multi-class_4_2025-12-03-11-30-42,1.5e-05,0.4,8,5,0.1,0.2,
69.66,66.4,66.75,66.95,0.7052,MIntRec,mag_bert,bert-base-uncased,4,mag_bert_MIntRec_multi-class_4_2025-12-03-12-23-04,7.000000000000003e-06,0.3,8,5,0.1,0.2,
69.66,66.23,66.57,67.64,0.7014,MIntRec,mag_bert,bert-base-uncased,4,mag_bert_MIntRec_multi-class_4_2025-12-03-12-49-55,3.5e-05,0.3,8,5,0.1,0.2,
69.66,66.56,67.14,67.67,0.7259,MIntRec,mag_bert,bert-base-uncased,1,mag_bert_MIntRec_multi-class_1_2025-12-03-13-11-32,5e-05,0.3,8,5,0.1,0.2,
69.66,64.05,63.64,65.88,0.687,MIntRec,mag_bert,bert-base-uncased,6,mag_bert_MIntRec_multi-class_6_2025-12-03-14-15-22,7.000000000000003e-06,0.6,8,5,0.1,0.2,
69.66,62.93,63.26,64.34,0.6878,MIntRec,mag_bert,bert-base-uncased,5,mag_bert_MIntRec_multi-class_5_2025-12-03-14-32-03,5e-06,0.5,8,5,0.1,0.2,
69.66,66.76,67.22,67.17,0.7231,MIntRec,mag_bert,bert-base-uncased,5,mag_bert_MIntRec_multi-class_5_2025-12-03-16-04-45,1.4999999999999999e-05,0.45,8,5,0.1,0.2,
69.66,65.99,67.05,66.19,0.6935,MIntRec,mag_bert,bert-base-uncased,6,mag_bert_MIntRec_multi-class_6_2025-12-03-17-31-26,5e-06,0.4,8,5,0.1,0.2,
69.66,66.63,66.74,67.31,0.696,MIntRec,mag_bert,bert-base-uncased,2,mag_bert_MIntRec_multi-class_2_2025-12-03-18-29-23,9e-06,0.3,8,5,0.1,0.2,
69.66,66.34,66.82,66.86,0.6946,MIntRec,mag_bert,bert-base-uncased,6,mag_bert_MIntRec_multi-class_6_2025-12-03-18-39-32,5e-06,0.3,8,5,0.1,0.2,
69.44,65.43,65.17,66.63,0.6765,MIntRec,mag_bert,bert-base-uncased,3,mag_bert_MIntRec_multi-class_3_2025-12-02-14-57-34,3e-05,0.6,8,5,0.1,0.2,
69.44,64.73,64.32,66.03,0.7032,MIntRec,mag_bert,bert-base-uncased,7,mag_bert_MIntRec_multi-class_7_2025-12-02-19-23-37,1e-05,0.5,8,5,0.1,0.2,
69.44,67.14,68.28,67.07,0.6987,MIntRec,mag_bert,bert-base-uncased,4,mag_bert_MIntRec_multi-class_4_2025-12-02-20-59-19,2e-05,0.3,8,5,0.1,0.2,
69.44,65.22,66.53,65.46,0.7077,MIntRec,mag_bert,bert-base-uncased,5,mag_bert_MIntRec_multi-class_5_2025-12-02-23-30-01,1e-05,0.45,8,5,0.1,0.2,
69.44,66.15,67.53,66.33,0.6998,MIntRec,mag_bert,bert-base-uncased,2,mag_bert_MIntRec_multi-class_2_2025-12-03-00-11-38,3e-05,0.4,8,5,0.1,0.2,
69.44,65.77,65.81,66.94,0.7065,MIntRec,mag_bert,bert-base-uncased,5,mag_bert_MIntRec_multi-class_5_2025-12-03-00-08-49,1e-05,0.4,8,5,0.1,0.2,
69.44,65.31,65.29,66.33,0.7111,MIntRec,mag_bert,bert-base-uncased,1,mag_bert_MIntRec_multi-class_1_2025-12-03-11-49-16,3.5e-05,0.4,8,5,0.1,0.2,
69.44,66.44,66.69,67.23,0.6742,MIntRec,mag_bert,bert-base-uncased,1,mag_bert_MIntRec_multi-class_1_2025-12-03-12-23-40,5e-06,0.3,8,5,0.1,0.2,
69.44,65.7,64.89,67.67,0.6961,MIntRec,mag_bert,bert-base-uncased,6,mag_bert_MIntRec_multi-class_6_2025-12-03-13-47-15,9e-06,0.6,8,5,0.1,0.2,
69.44,63.95,64.41,65.04,0.6969,MIntRec,mag_bert,bert-base-uncased,5,mag_bert_MIntRec_multi-class_5_2025-12-03-14-22-13,9e-06,0.5,8,5,0.1,0.2,
69.44,62.93,62.74,64.52,0.7049,MIntRec,mag_bert,bert-base-uncased,2,mag_bert_MIntRec_multi-class_2_2025-12-03-14-41-14,9e-06,0.5,8,5,0.1,0.2,
69.44,66.02,66.22,66.75,0.7049,MIntRec,mag_bert,bert-base-uncased,2,mag_bert_MIntRec_multi-class_2_2025-12-03-16-05-26,5e-06,0.45,8,5,0.1,0.2,
69.44,65.51,66.29,66.22,0.6868,MIntRec,mag_bert,bert-base-uncased,5,mag_bert_MIntRec_multi-class_5_2025-12-03-18-12-32,5e-05,0.4,8,5,0.1,0.2,
69.44,64.75,64.47,65.55,0.6971,MIntRec,mag_bert,bert-base-uncased,6,mag_bert_MIntRec_multi-class_6_2025-12-03-18-26-54,9e-06,0.3,8,5,0.1,0.2,
69.44,66.06,67.06,66.46,0.679,MIntRec,mag_bert,bert-base-uncased,5,mag_bert_MIntRec_multi-class_5_2025-12-03-18-32-14,5e-06,0.3,8,5,0.1,0.2,
69.21,65.18,65.36,65.6,0.7019,MIntRec,mag_bert,bert-base-uncased,2,mag_bert_MIntRec_multi-class_2_2025-12-03-00-58-30,1e-05,0.3,8,5,0.1,0.2,
69.21,64.42,65.21,65.57,0.6996,MIntRec,mag_bert,bert-base-uncased,0,mag_bert_MIntRec_multi-class_0_2025-12-03-02-45-18,5e-06,0.5,8,5,0.1,0.2,
69.21,65.07,65.46,66.58,0.7086,MIntRec,mag_bert,bert-base-uncased,1,mag_bert_MIntRec_multi-class_1_2025-12-03-08-54-56,7.000000000000003e-06,0.5,8,5,0.1,0.2,
69.21,64.13,64.4,64.82,0.6918,MIntRec,mag_bert,bert-base-uncased,4,mag_bert_MIntRec_multi-class_4_2025-12-03-09-33-18,5e-06,0.45,8,5,0.1,0.2,
69.21,65.0,65.0,66.08,0.7035,MIntRec,mag_bert,bert-base-uncased,1,mag_bert_MIntRec_multi-class_1_2025-12-03-10-04-51,7.000000000000003e-06,0.45,8,5,0.1,0.2,
69.21,65.49,65.41,66.47,0.6974,MIntRec,mag_bert,bert-base-uncased,1,mag_bert_MIntRec_multi-class_1_2025-12-03-12-46-49,1.4999999999999999e-05,0.3,8,5,0.1,0.2,
69.21,65.18,65.75,65.66,0.7158,MIntRec,mag_bert,bert-base-uncased,2,mag_bert_MIntRec_multi-class_2_2025-12-03-16-21-50,7.000000000000003e-06,0.45,8,5,0.1,0.2,
69.21,66.15,66.32,66.66,0.6904,MIntRec,mag_bert,bert-base-uncased,6,mag_bert_MIntRec_multi-class_6_2025-12-03-17-45-00,7.000000000000003e-06,0.4,8,5,0.1,0.2,
69.21,66.59,67.02,66.7,0.7252,MIntRec,mag_bert,bert-base-uncased,6,mag_bert_MIntRec_multi-class_6_2025-12-03-19-14-47,3.5e-05,0.3,8,5,0.1,0.2,
69.21,65.46,66.73,66.22,0.6983,MIntRec,mag_bert,bert-base-uncased,2,mag_bert_MIntRec_multi-class_2_2025-12-03-19-15-22,1.5e-05,0.3,8,5,0.1,0.2,
68.99,62.52,62.88,64.15,0.6871,MIntRec,mag_bert,bert-base-uncased,0,mag_bert_MIntRec_multi-class_0_2025-12-03-01-25-23,9e-06,0.6,8,5,0.1,0.2,
68.99,65.3,65.62,66.22,0.708,MIntRec,mag_bert,bert-base-uncased,3,mag_bert_MIntRec_multi-class_3_2025-12-03-05-03-16,1.4999999999999999e-05,0.4,8,5,0.1,0.2,
68.99,65.25,66.24,65.49,0.7142,MIntRec,mag_bert,bert-base-uncased,3,mag_bert_MIntRec_multi-class_3_2025-12-03-06-11-38,1.5e-05,0.3,8,5,0.1,0.2,
68.99,65.75,66.32,66.24,0.7034,MIntRec,mag_bert,bert-base-uncased,9,mag_bert_MIntRec_multi-class_9_2025-12-03-10-19-31,7.000000000000003e-06,0.3,8,5,0.1,0.2,
68.99,64.27,64.69,65.24,0.6901,MIntRec,mag_bert,bert-base-uncased,6,mag_bert_MIntRec_multi-class_6_2025-12-03-15-12-52,5e-06,0.5,8,5,0.1,0.2,
68.99,62.89,62.35,64.44,0.7124,MIntRec,mag_bert,bert-base-uncased,5,mag_bert_MIntRec_multi-class_5_2025-12-03-15-30-07,9e-06,0.45,8,5,0.1,0.2,
68.99,63.49,63.46,64.5,0.7026,MIntRec,mag_bert,bert-base-uncased,6,mag_bert_MIntRec_multi-class_6_2025-12-03-16-14-43,9e-06,0.45,8,5,0.1,0.2,
68.99,63.01,62.98,64.13,0.6907,MIntRec,mag_bert,bert-base-uncased,6,mag_bert_MIntRec_multi-class_6_2025-12-03-16-34-52,7.000000000000003e-06,0.45,8,5,0.1,0.2,
68.99,65.53,66.03,66.22,0.6972,MIntRec,mag_bert,bert-base-uncased,2,mag_bert_MIntRec_multi-class_2_2025-12-03-18-06-19,3.5e-05,0.4,8,5,0.1,0.2,
68.76,62.5,62.2,63.93,0.6917,MIntRec,mag_bert,bert-base-uncased,6,mag_bert_MIntRec_multi-class_6_2025-12-02-15-43-17,1e-05,0.5,8,5,0.1,0.2,
68.76,62.62,68.55,63.32,0.6526,MIntRec,mag_bert,bert-base-uncased,0,mag_bert_MIntRec_multi-class_0_2025-12-03-02-27-25,5e-05,0.6,8,5,0.1,0.2,
68.76,65.08,65.9,65.64,0.7108,MIntRec,mag_bert,bert-base-uncased,1,mag_bert_MIntRec_multi-class_1_2025-12-03-13-04-36,4e-05,0.3,8,5,0.1,0.2,
68.54,63.41,65.48,63.36,0.6762,MIntRec,mag_bert,bert-base-uncased,4,mag_bert_MIntRec_multi-class_4_2025-12-03-13-03-39,5e-05,0.3,8,5,0.1,0.2,
68.54,65.57,65.65,66.38,0.705,MIntRec,mag_bert,bert-base-uncased,2,mag_bert_MIntRec_multi-class_2_2025-12-03-18-58-37,7.000000000000003e-06,0.3,8,5,0.1,0.2,
68.54,64.52,67.73,64.48,0.6692,MIntRec,mag_bert,bert-base-uncased,2,mag_bert_MIntRec_multi-class_2_2025-12-03-19-40-15,5e-05,0.3,8,5,0.1,0.2,
68.31,64.05,64.95,64.65,0.6775,MIntRec,mag_bert,bert-base-uncased,1,mag_bert_MIntRec_multi-class_1_2025-12-03-12-35-45,7.000000000000003e-06,0.3,8,5,0.1,0.2,
68.31,64.5,64.59,65.4,0.7106,MIntRec,mag_bert,bert-base-uncased,5,mag_bert_MIntRec_multi-class_5_2025-12-03-16-48-30,9e-06,0.4,8,5,0.1,0.2,
68.09,62.65,62.44,64.11,0.6972,MIntRec,mag_bert,bert-base-uncased,3,mag_bert_MIntRec_multi-class_3_2025-12-02-16-03-46,2e-05,0.45,8,5,0.1,0.2,
68.09,62.78,63.31,63.31,0.6869,MIntRec,mag_bert,bert-base-uncased,2,mag_bert_MIntRec_multi-class_2_2025-12-02-22-20-26,1e-05,0.6,8,5,0.1,0.2,
68.09,62.48,65.74,62.86,0.6723,MIntRec,mag_bert,bert-base-uncased,4,mag_bert_MIntRec_multi-class_4_2025-12-03-06-58-57,5e-06,0.6,8,5,0.1,0.2,
68.09,62.0,62.79,63.01,0.68,MIntRec,mag_bert,bert-base-uncased,9,mag_bert_MIntRec_multi-class_9_2025-12-03-07-06-40,4e-05,0.5,8,5,0.1,0.2,
68.09,65.24,66.84,66.78,0.7056,MIntRec,mag_bert,bert-base-uncased,5,mag_bert_MIntRec_multi-class_5_2025-12-03-16-38-44,5e-05,0.45,8,5,0.1,0.2,
68.09,62.31,63.64,62.5,0.6908,MIntRec,mag_bert,bert-base-uncased,2,mag_bert_MIntRec_multi-class_2_2025-12-03-17-33-02,5e-06,0.4,8,5,0.1,0.2,
67.87,63.04,65.04,62.9,0.6755,MIntRec,mag_bert,bert-base-uncased,6,mag_bert_MIntRec_multi-class_6_2025-12-03-16-23-59,5e-06,0.45,8,5,0.1,0.2,
67.87,64.24,64.34,65.25,0.6998,MIntRec,mag_bert,bert-base-uncased,2,mag_bert_MIntRec_multi-class_2_2025-12-03-18-41-57,5e-06,0.3,8,5,0.1,0.2,
67.64,63.57,63.17,65.17,0.6655,MIntRec,mag_bert,bert-base-uncased,4,mag_bert_MIntRec_multi-class_4_2025-12-03-07-51-37,5e-05,0.6,8,5,0.1,0.2,
67.64,64.09,65.27,63.72,0.6828,MIntRec,mag_bert,bert-base-uncased,4,mag_bert_MIntRec_multi-class_4_2025-12-03-12-11-13,5e-06,0.3,8,5,0.1,0.2,
66.97,61.32,62.44,62.89,0.6817,MIntRec,mag_bert,bert-base-uncased,1,mag_bert_MIntRec_multi-class_1_2025-12-03-07-25-13,5e-06,0.6,8,5,0.1,0.2,