acc,f1,prec,rec,weighted_f1,weighted_prec,weighted_rec,eval_f1,dataset,method,text_backbone,seed,logger_name,lr,dropout_prob,weight_decay,num_experts,nheads,n_levels,attn_dropout,embed_dropout
74.83,72.09,73.95,71.6,74.67,75.49,74.83,0.7301,MIntRec,mag_bert,bert-base-uncased,1,mag_bert_MIntRec_multi-class_1_2026-06-28-14-47-49,2e-05,0.4,0.03,0,8,5,0.1,0.2
74.38,69.68,69.05,71.25,73.98,74.61,74.38,0.7173,MIntRec,mag_bert,bert-base-uncased,1,mag_bert_MIntRec_multi-class_1_2026-06-28-15-36-35,2e-05,0.6,0.03,0,8,5,0.1,0.2
74.16,71.85,72.87,72.08,74.06,74.88,74.16,0.7481,MIntRec,mag_bert,bert-base-uncased,0,mag_bert_MIntRec_multi-class_0_2026-06-28-11-57-14,2.5e-05,0.5,0.03,0,8,5,0.1,0.2
74.16,70.82,70.77,71.38,74.25,74.84,74.16,0.7331,MIntRec,mag_bert,bert-base-uncased,1,mag_bert_MIntRec_multi-class_1_2026-06-28-14-14-52,2e-05,0.5,0.03,3,8,5,0.1,0.2
73.93,69.18,69.6,70.12,73.72,74.64,73.93,0.7285,MIntRec,mag_bert,bert-base-uncased,0,mag_bert_MIntRec_multi-class_0_2026-06-28-12-48-19,2.5e-05,0.4,0.03,0,8,5,0.1,0.2
73.93,71.47,72.16,72.19,74.04,75.81,73.93,0.7165,MIntRec,mag_bert,bert-base-uncased,1,mag_bert_MIntRec_multi-class_1_2026-06-28-14-08-26,2e-05,0.5,0.03,2,8,5,0.1,0.2
73.71,70.02,71.39,70.03,73.46,74.29,73.71,0.7478,MIntRec,mag_bert,bert-base-uncased,0,mag_bert_MIntRec_multi-class_0_2026-06-28-12-38-05,2e-05,0.4,0.03,3,8,5,0.1,0.2
73.71,70.26,70.78,71.22,73.57,74.55,73.71,0.7002,MIntRec,mag_bert,bert-base-uncased,1,mag_bert_MIntRec_multi-class_1_2026-06-28-15-45-43,2e-05,0.6,0.03,2,8,5,0.1,0.2
73.71,70.57,72.06,70.9,73.25,74.16,73.71,0.7143,MIntRec,mag_bert,bert-base-uncased,1,mag_bert_MIntRec_multi-class_1_2026-06-28-15-58-23,2e-05,0.6,0.03,4,8,5,0.1,0.2
73.71,68.75,68.11,70.38,72.76,72.69,73.71,0.7187,MIntRec,mag_bert,bert-base-uncased,1,mag_bert_MIntRec_multi-class_1_2026-06-28-16-05-22,2.5e-05,0.6,0.03,0,8,5,0.1,0.2
73.48,69.18,69.54,69.49,73.01,72.98,73.48,0.7178,MIntRec,mag_bert,bert-base-uncased,1,mag_bert_MIntRec_multi-class_1_2026-06-28-15-05-11,2e-05,0.4,0.03,3,8,5,0.1,0.2
73.26,68.75,67.65,70.38,72.68,72.56,73.26,0.7354,MIntRec,mag_bert,bert-base-uncased,0,mag_bert_MIntRec_multi-class_0_2026-06-28-11-52-48,2e-05,0.5,0.03,4,8,5,0.1,0.2
73.26,68.53,69.26,68.95,72.52,72.44,73.26,0.7249,MIntRec,mag_bert,bert-base-uncased,0,mag_bert_MIntRec_multi-class_0_2026-06-28-13-11-39,2e-05,0.6,0.03,0,8,5,0.1,0.2
73.26,69.95,69.8,71.15,72.95,73.5,73.26,0.7351,MIntRec,mag_bert,bert-base-uncased,1,mag_bert_MIntRec_multi-class_1_2026-06-28-14-59-28,2e-05,0.4,0.03,2,8,5,0.1,0.2
73.03,69.95,69.99,71.47,72.19,72.8,73.03,0.7119,MIntRec,mag_bert,bert-base-uncased,1,mag_bert_MIntRec_multi-class_1_2026-06-28-14-43-24,2.5e-05,0.5,0.03,4,8,5,0.1,0.2
72.81,68.67,68.91,69.23,72.54,72.94,72.81,0.7295,MIntRec,mag_bert,bert-base-uncased,0,mag_bert_MIntRec_multi-class_0_2026-06-28-11-47-57,2e-05,0.5,0.03,3,8,5,0.1,0.2
72.81,69.31,70.41,69.32,72.41,72.74,72.81,0.7373,MIntRec,mag_bert,bert-base-uncased,0,mag_bert_MIntRec_multi-class_0_2026-06-28-13-00-51,2.5e-05,0.4,0.03,3,8,5,0.1,0.2
72.81,69.11,69.12,70.34,72.33,72.65,72.81,0.7225,MIntRec,mag_bert,bert-base-uncased,1,mag_bert_MIntRec_multi-class_1_2026-06-28-14-21-05,2e-05,0.5,0.03,4,8,5,0.1,0.2
72.81,68.78,68.8,69.71,72.42,72.83,72.81,0.7378,MIntRec,mag_bert,bert-base-uncased,1,mag_bert_MIntRec_multi-class_1_2026-06-28-15-10-24,2e-05,0.4,0.03,4,8,5,0.1,0.2
72.81,68.9,68.5,69.96,72.57,72.94,72.81,0.7343,MIntRec,mag_bert,bert-base-uncased,1,mag_bert_MIntRec_multi-class_1_2026-06-28-15-15-22,2.5e-05,0.4,0.03,0,8,5,0.1,0.2
72.58,69.33,69.54,70.41,72.5,73.83,72.58,0.7122,MIntRec,mag_bert,bert-base-uncased,0,mag_bert_MIntRec_multi-class_0_2026-06-28-11-42-35,2e-05,0.5,0.03,2,8,5,0.1,0.2
72.58,69.45,69.44,70.8,73.14,75.0,72.58,0.7217,MIntRec,mag_bert,bert-base-uncased,0,mag_bert_MIntRec_multi-class_0_2026-06-28-12-12-24,2.5e-05,0.5,0.03,3,8,5,0.1,0.2
72.58,67.09,67.28,68.54,71.71,72.12,72.58,0.7119,MIntRec,mag_bert,bert-base-uncased,0,mag_bert_MIntRec_multi-class_0_2026-06-28-13-34-49,2.5e-05,0.6,0.03,0,8,5,0.1,0.2
72.36,67.78,67.16,69.61,71.88,72.57,72.36,0.7239,MIntRec,mag_bert,bert-base-uncased,0,mag_bert_MIntRec_multi-class_0_2026-06-28-11-33-11,2e-05,0.5,0.03,0,8,5,0.1,0.2
72.36,68.6,69.43,68.49,72.29,72.82,72.36,0.7347,MIntRec,mag_bert,bert-base-uncased,0,mag_bert_MIntRec_multi-class_0_2026-06-28-12-21-52,2e-05,0.4,0.03,0,8,5,0.1,0.2
72.36,70.28,70.63,70.76,72.45,73.4,72.36,0.7236,MIntRec,mag_bert,bert-base-uncased,0,mag_bert_MIntRec_multi-class_0_2026-06-28-12-43-11,2e-05,0.4,0.03,4,8,5,0.1,0.2
72.36,69.99,71.3,69.97,72.38,73.43,72.36,0.7304,MIntRec,mag_bert,bert-base-uncased,0,mag_bert_MIntRec_multi-class_0_2026-06-28-13-07-17,2.5e-05,0.4,0.03,4,8,5,0.1,0.2
72.13,69.6,71.34,69.07,71.94,72.57,72.13,0.7189,MIntRec,mag_bert,bert-base-uncased,0,mag_bert_MIntRec_multi-class_0_2026-06-28-12-06-45,2.5e-05,0.5,0.03,2,8,5,0.1,0.2
72.13,69.9,69.9,71.71,72.12,73.54,72.13,0.7397,MIntRec,mag_bert,bert-base-uncased,0,mag_bert_MIntRec_multi-class_0_2026-06-28-12-17-15,2.5e-05,0.5,0.03,4,8,5,0.1,0.2
72.13,69.25,70.02,69.53,71.92,72.59,72.13,0.7256,MIntRec,mag_bert,bert-base-uncased,0,mag_bert_MIntRec_multi-class_0_2026-06-28-12-55-59,2.5e-05,0.4,0.03,2,8,5,0.1,0.2
72.13,67.37,66.82,68.89,71.61,71.8,72.13,0.7084,MIntRec,mag_bert,bert-base-uncased,0,mag_bert_MIntRec_multi-class_0_2026-06-28-13-25-17,2e-05,0.6,0.03,3,8,5,0.1,0.2
72.13,67.82,67.15,69.52,71.75,72.26,72.13,0.7186,MIntRec,mag_bert,bert-base-uncased,0,mag_bert_MIntRec_multi-class_0_2026-06-28-13-45-23,2.5e-05,0.6,0.03,2,8,5,0.1,0.2
72.13,68.99,69.48,68.97,72.1,72.36,72.13,0.7381,MIntRec,mag_bert,bert-base-uncased,1,mag_bert_MIntRec_multi-class_1_2026-06-28-13-59-40,2e-05,0.5,0.03,0,8,5,0.1,0.2
72.13,68.76,69.42,68.88,72.26,72.97,72.13,0.7061,MIntRec,mag_bert,bert-base-uncased,1,mag_bert_MIntRec_multi-class_1_2026-06-28-14-33-47,2.5e-05,0.5,0.03,2,8,5,0.1,0.2
72.13,66.75,67.64,67.82,71.41,72.47,72.13,0.6833,MIntRec,mag_bert,bert-base-uncased,1,mag_bert_MIntRec_multi-class_1_2026-06-28-16-09-06,2.5e-05,0.6,0.03,1,8,5,0.1,0.2
71.91,66.93,66.22,68.75,71.08,71.07,71.91,0.7174,MIntRec,mag_bert,bert-base-uncased,0,mag_bert_MIntRec_multi-class_0_2026-06-28-13-30-26,2e-05,0.6,0.03,4,8,5,0.1,0.2
71.91,66.62,66.42,67.88,71.66,72.39,71.91,0.7302,MIntRec,mag_bert,bert-base-uncased,1,mag_bert_MIntRec_multi-class_1_2026-06-28-15-52-42,2e-05,0.6,0.03,3,8,5,0.1,0.2
71.69,68.53,69.48,68.34,71.38,71.6,71.69,0.7416,MIntRec,mag_bert,bert-base-uncased,1,mag_bert_MIntRec_multi-class_1_2026-06-28-15-26-19,2.5e-05,0.4,0.03,3,8,5,0.1,0.2
71.69,68.31,69.07,69.07,71.39,72.06,71.69,0.7083,MIntRec,mag_bert,bert-base-uncased,1,mag_bert_MIntRec_multi-class_1_2026-06-28-16-23-51,2.5e-05,0.6,0.03,4,8,5,0.1,0.2
71.46,66.59,67.35,67.39,70.84,71.58,71.46,0.7083,MIntRec,mag_bert,bert-base-uncased,1,mag_bert_MIntRec_multi-class_1_2026-06-28-16-19-49,2.5e-05,0.6,0.03,3,8,5,0.1,0.2
71.24,68.16,68.29,68.52,71.32,71.85,71.24,0.722,MIntRec,mag_bert,bert-base-uncased,0,mag_bert_MIntRec_multi-class_0_2026-06-28-12-28-10,2e-05,0.4,0.03,1,8,5,0.1,0.2
71.24,67.92,68.66,68.98,70.66,71.52,71.24,0.7225,MIntRec,mag_bert,bert-base-uncased,0,mag_bert_MIntRec_multi-class_0_2026-06-28-13-54-26,2.5e-05,0.6,0.03,4,8,5,0.1,0.2
71.24,66.04,65.98,67.45,70.38,70.49,71.24,0.7161,MIntRec,mag_bert,bert-base-uncased,1,mag_bert_MIntRec_multi-class_1_2026-06-28-14-25-29,2.5e-05,0.5,0.03,0,8,5,0.1,0.2
71.24,68.02,67.88,69.66,71.51,72.94,71.24,0.7279,MIntRec,mag_bert,bert-base-uncased,1,mag_bert_MIntRec_multi-class_1_2026-06-28-15-32-05,2.5e-05,0.4,0.03,4,8,5,0.1,0.2
71.01,66.88,67.37,67.48,70.88,71.77,71.01,0.706,MIntRec,mag_bert,bert-base-uncased,0,mag_bert_MIntRec_multi-class_0_2026-06-28-12-33-31,2e-05,0.4,0.03,2,8,5,0.1,0.2
71.01,66.79,66.19,69.14,70.59,72.06,71.01,0.7288,MIntRec,mag_bert,bert-base-uncased,1,mag_bert_MIntRec_multi-class_1_2026-06-28-14-39-31,2.5e-05,0.5,0.03,3,8,5,0.1,0.2
71.01,68.01,68.23,69.28,70.4,71.39,71.01,0.7259,MIntRec,mag_bert,bert-base-uncased,1,mag_bert_MIntRec_multi-class_1_2026-06-28-16-14-10,2.5e-05,0.6,0.03,2,8,5,0.1,0.2
70.79,63.48,62.62,65.14,68.91,67.87,70.79,0.6937,MIntRec,mag_bert,bert-base-uncased,0,mag_bert_MIntRec_multi-class_0_2026-06-28-13-50-47,2.5e-05,0.6,0.03,3,8,5,0.1,0.2
70.79,67.26,66.68,68.78,70.57,71.17,70.79,0.7099,MIntRec,mag_bert,bert-base-uncased,1,mag_bert_MIntRec_multi-class_1_2026-06-28-15-22-39,2.5e-05,0.4,0.03,2,8,5,0.1,0.2
70.56,66.19,66.33,67.41,70.03,70.6,70.56,0.6873,MIntRec,mag_bert,bert-base-uncased,0,mag_bert_MIntRec_multi-class_0_2026-06-28-11-37-01,2e-05,0.5,0.03,1,8,5,0.1,0.2
70.56,65.29,64.97,66.52,70.35,71.0,70.56,0.6975,MIntRec,mag_bert,bert-base-uncased,0,mag_bert_MIntRec_multi-class_0_2026-06-28-12-52-09,2.5e-05,0.4,0.03,1,8,5,0.1,0.2
70.56,66.36,66.43,67.73,69.98,70.4,70.56,0.7026,MIntRec,mag_bert,bert-base-uncased,1,mag_bert_MIntRec_multi-class_1_2026-06-28-15-19-00,2.5e-05,0.4,0.03,1,8,5,0.1,0.2
70.34,65.21,66.8,65.47,70.01,71.3,70.34,0.6942,MIntRec,mag_bert,bert-base-uncased,1,mag_bert_MIntRec_multi-class_1_2026-06-28-15-40-44,2e-05,0.6,0.03,1,8,5,0.1,0.2
69.89,65.67,64.96,67.43,69.45,69.8,69.89,0.6966,MIntRec,mag_bert,bert-base-uncased,1,mag_bert_MIntRec_multi-class_1_2026-06-28-14-54-32,2e-05,0.4,0.03,1,8,5,0.1,0.2
69.66,63.22,63.02,64.35,68.72,68.4,69.66,0.6911,MIntRec,mag_bert,bert-base-uncased,0,mag_bert_MIntRec_multi-class_0_2026-06-28-13-21-11,2e-05,0.6,0.03,2,8,5,0.1,0.2
69.66,64.8,65.46,64.86,69.89,70.82,69.66,0.6843,MIntRec,mag_bert,bert-base-uncased,1,mag_bert_MIntRec_multi-class_1_2026-06-28-14-29-07,2.5e-05,0.5,0.03,1,8,5,0.1,0.2
68.76,65.62,65.44,66.47,68.53,68.87,68.76,0.7013,MIntRec,mag_bert,bert-base-uncased,0,mag_bert_MIntRec_multi-class_0_2026-06-28-13-38-55,2.5e-05,0.6,0.03,1,8,5,0.1,0.2
68.76,62.37,62.41,63.37,67.8,67.65,68.76,0.6742,MIntRec,mag_bert,bert-base-uncased,1,mag_bert_MIntRec_multi-class_1_2026-06-28-14-04-46,2e-05,0.5,0.03,1,8,5,0.1,0.2
68.31,64.1,63.84,65.13,67.93,68.2,68.31,0.6898,MIntRec,mag_bert,bert-base-uncased,0,mag_bert_MIntRec_multi-class_0_2026-06-28-12-02-09,2.5e-05,0.5,0.03,1,8,5,0.1,0.2
67.87,62.72,64.62,62.72,66.9,67.3,67.87,0.6928,MIntRec,mag_bert,bert-base-uncased,0,mag_bert_MIntRec_multi-class_0_2026-06-28-13-16-33,2e-05,0.6,0.03,1,8,5,0.1,0.2