acc,f1,prec,rec,eval_f1,dataset,method,text_backbone,seed,logger_name,lr,dropout_prob,nheads,ffn,n_levels,attn_dropout,embed_dropout
49.89,44.48,46.67,44.92,0.4572,MIntRec,mag_bert,bert-base-uncased,0,mag_bert_MIntRec_multi-class_0_2025-08-24-14-53-08,1e-05,0.6,8,2048,5,0.1,0.2
54.38,47.72,48.86,47.66,0.5008,MIntRec,mag_bert,bert-base-uncased,0,mag_bert_MIntRec_multi-class_0_2025-08-24-15-06-42,2e-05,0.6,8,2048,5,0.1,0.2
47.87,42.07,44.89,41.77,0.4584,MIntRec,mag_bert,bert-base-uncased,0,mag_bert_MIntRec_multi-class_0_2025-08-24-15-22-42,2.5e-05,0.6,8,2048,5,0.1,0.2
46.74,40.95,43.97,40.18,0.4374,MIntRec,mag_bert,bert-base-uncased,0,mag_bert_MIntRec_multi-class_0_2025-08-24-15-37-50,3e-05,0.6,8,2048,5,0.1,0.2
53.03,48.21,49.8,48.76,0.5088,MIntRec,mag_bert,bert-base-uncased,0,mag_bert_MIntRec_multi-class_0_2025-08-24-15-55-40,1e-05,0.5,8,2048,5,0.1,0.2
50.34,46.35,48.39,46.26,0.4823,MIntRec,mag_bert,bert-base-uncased,0,mag_bert_MIntRec_multi-class_0_2025-08-24-16-14-55,2e-05,0.5,8,2048,5,0.1,0.2
51.24,45.38,48.0,44.34,0.4884,MIntRec,mag_bert,bert-base-uncased,0,mag_bert_MIntRec_multi-class_0_2025-08-24-16-30-40,2.5e-05,0.5,8,2048,5,0.1,0.2
47.87,44.46,47.82,43.56,0.5053,MIntRec,mag_bert,bert-base-uncased,0,mag_bert_MIntRec_multi-class_0_2025-08-24-16-44-16,3e-05,0.5,8,2048,5,0.1,0.2
51.91,44.54,44.18,45.53,0.4801,MIntRec,mag_bert,bert-base-uncased,0,mag_bert_MIntRec_multi-class_0_2025-08-24-17-00-15,1e-05,0.45,8,2048,5,0.1,0.2
46.52,42.0,43.53,41.8,0.4527,MIntRec,mag_bert,bert-base-uncased,0,mag_bert_MIntRec_multi-class_0_2025-08-24-17-15-24,2e-05,0.45,8,2048,5,0.1,0.2
53.03,48.44,49.84,48.19,0.4834,MIntRec,mag_bert,bert-base-uncased,0,mag_bert_MIntRec_multi-class_0_2025-08-24-17-28-11,2.5e-05,0.45,8,2048,5,0.1,0.2
37.08,26.95,28.02,27.74,0.2744,MIntRec,mag_bert,bert-base-uncased,0,mag_bert_MIntRec_multi-class_0_2025-08-24-17-42-06,3e-05,0.45,8,2048,5,0.1,0.2
53.03,49.54,52.26,49.14,0.4901,MIntRec,mag_bert,bert-base-uncased,0,mag_bert_MIntRec_multi-class_0_2025-08-24-17-55-31,1e-05,0.4,8,2048,5,0.1,0.2
52.58,49.48,51.29,48.64,0.4937,MIntRec,mag_bert,bert-base-uncased,0,mag_bert_MIntRec_multi-class_0_2025-08-24-18-10-33,2e-05,0.4,8,2048,5,0.1,0.2
12.81,1.14,0.64,5.0,0.0114,MIntRec,mag_bert,bert-base-uncased,0,mag_bert_MIntRec_multi-class_0_2025-08-24-18-25-13,2.5e-05,0.4,8,2048,5,0.1,0.2
51.69,47.98,48.98,48.37,0.473,MIntRec,mag_bert,bert-base-uncased,0,mag_bert_MIntRec_multi-class_0_2025-08-24-18-29-02,3e-05,0.4,8,2048,5,0.1,0.2
55.96,49.7,49.76,50.59,0.5021,MIntRec,mag_bert,bert-base-uncased,0,mag_bert_MIntRec_multi-class_0_2025-08-24-18-42-29,1e-05,0.35,8,2048,5,0.1,0.2
51.46,47.27,49.55,47.34,0.4869,MIntRec,mag_bert,bert-base-uncased,0,mag_bert_MIntRec_multi-class_0_2025-08-24-18-56-36,2e-05,0.35,8,2048,5,0.1,0.2
51.24,46.9,48.48,46.89,0.4786,MIntRec,mag_bert,bert-base-uncased,0,mag_bert_MIntRec_multi-class_0_2025-08-24-19-14-14,2.5e-05,0.35,8,2048,5,0.1,0.2
30.79,12.55,10.68,18.08,0.1198,MIntRec,mag_bert,bert-base-uncased,0,mag_bert_MIntRec_multi-class_0_2025-08-24-19-26-15,3e-05,0.35,8,2048,5,0.1,0.2
51.69,46.43,47.26,47.4,0.4631,MIntRec,mag_bert,bert-base-uncased,1,mag_bert_MIntRec_multi-class_1_2025-08-24-19-32-45,1e-05,0.6,8,2048,5,0.1,0.2
52.36,48.19,49.11,48.05,0.4908,MIntRec,mag_bert,bert-base-uncased,1,mag_bert_MIntRec_multi-class_1_2025-08-24-19-48-17,2e-05,0.6,8,2048,5,0.1,0.2
50.11,45.88,48.9,44.98,0.48,MIntRec,mag_bert,bert-base-uncased,1,mag_bert_MIntRec_multi-class_1_2025-08-24-20-01-16,2.5e-05,0.6,8,2048,5,0.1,0.2
31.69,18.68,20.99,22.61,0.2027,MIntRec,mag_bert,bert-base-uncased,1,mag_bert_MIntRec_multi-class_1_2025-08-24-20-18-15,3e-05,0.6,8,2048,5,0.1,0.2
52.58,47.38,48.42,47.3,0.4694,MIntRec,mag_bert,bert-base-uncased,1,mag_bert_MIntRec_multi-class_1_2025-08-24-20-24-45,1e-05,0.5,8,2048,5,0.1,0.2
52.81,48.08,49.19,48.46,0.5112,MIntRec,mag_bert,bert-base-uncased,1,mag_bert_MIntRec_multi-class_1_2025-08-24-20-37-48,2e-05,0.5,8,2048,5,0.1,0.2
51.69,45.39,46.49,45.06,0.4792,MIntRec,mag_bert,bert-base-uncased,1,mag_bert_MIntRec_multi-class_1_2025-08-24-20-55-55,2.5e-05,0.5,8,2048,5,0.1,0.2
49.21,43.42,46.16,43.18,0.4799,MIntRec,mag_bert,bert-base-uncased,1,mag_bert_MIntRec_multi-class_1_2025-08-24-21-12-15,3e-05,0.5,8,2048,5,0.1,0.2
51.91,46.95,48.37,47.47,0.4815,MIntRec,mag_bert,bert-base-uncased,1,mag_bert_MIntRec_multi-class_1_2025-08-24-21-32-04,1e-05,0.45,8,2048,5,0.1,0.2
51.24,46.75,49.35,46.21,0.51,MIntRec,mag_bert,bert-base-uncased,1,mag_bert_MIntRec_multi-class_1_2025-08-24-21-45-36,2e-05,0.45,8,2048,5,0.1,0.2
52.13,46.53,48.55,46.09,0.4868,MIntRec,mag_bert,bert-base-uncased,1,mag_bert_MIntRec_multi-class_1_2025-08-24-21-59-34,2.5e-05,0.45,8,2048,5,0.1,0.2
48.31,43.86,44.67,43.93,0.482,MIntRec,mag_bert,bert-base-uncased,1,mag_bert_MIntRec_multi-class_1_2025-08-24-22-10-36,3e-05,0.45,8,2048,5,0.1,0.2
52.36,48.84,49.88,48.98,0.48200000000000004,MIntRec,mag_bert,bert-base-uncased,1,mag_bert_MIntRec_multi-class_1_2025-08-24-22-29-46,1e-05,0.4,8,2048,5,0.1,0.2
51.69,48.89,50.86,47.92,0.5136,MIntRec,mag_bert,bert-base-uncased,1,mag_bert_MIntRec_multi-class_1_2025-08-24-22-45-12,2e-05,0.4,8,2048,5,0.1,0.2
52.36,49.72,53.27,49.33,0.4958,MIntRec,mag_bert,bert-base-uncased,1,mag_bert_MIntRec_multi-class_1_2025-08-24-23-03-13,2.5e-05,0.4,8,2048,5,0.1,0.2
46.07,41.8,42.91,42.18,0.4488,MIntRec,mag_bert,bert-base-uncased,1,mag_bert_MIntRec_multi-class_1_2025-08-24-23-19-52,3e-05,0.4,8,2048,5,0.1,0.2
51.46,45.52,45.3,46.88,0.5123,MIntRec,mag_bert,bert-base-uncased,1,mag_bert_MIntRec_multi-class_1_2025-08-24-23-42-22,1e-05,0.35,8,2048,5,0.1,0.2
52.36,48.06,49.32,48.79,0.5032,MIntRec,mag_bert,bert-base-uncased,1,mag_bert_MIntRec_multi-class_1_2025-08-24-23-59-49,2e-05,0.35,8,2048,5,0.1,0.2
53.48,47.63,48.96,48.32,0.5069,MIntRec,mag_bert,bert-base-uncased,1,mag_bert_MIntRec_multi-class_1_2025-08-25-00-12-52,2.5e-05,0.35,8,2048,5,0.1,0.2
47.64,43.83,45.38,44.55,0.413,MIntRec,mag_bert,bert-base-uncased,1,mag_bert_MIntRec_multi-class_1_2025-08-25-00-28-20,3e-05,0.35,8,2048,5,0.1,0.2
50.34,43.94,44.99,45.99,0.4499,MIntRec,mag_bert,bert-base-uncased,2,mag_bert_MIntRec_multi-class_2_2025-08-25-00-41-45,1e-05,0.6,8,2048,5,0.1,0.2
47.64,44.32,47.47,43.97,0.4791,MIntRec,mag_bert,bert-base-uncased,2,mag_bert_MIntRec_multi-class_2_2025-08-25-00-57-01,2e-05,0.6,8,2048,5,0.1,0.2
50.11,45.3,46.36,45.38,0.457,MIntRec,mag_bert,bert-base-uncased,2,mag_bert_MIntRec_multi-class_2_2025-08-25-01-11-03,2.5e-05,0.6,8,2048,5,0.1,0.2
46.97,44.66,45.42,44.87,0.3976,MIntRec,mag_bert,bert-base-uncased,2,mag_bert_MIntRec_multi-class_2_2025-08-25-01-37-23,3e-05,0.6,8,2048,5,0.1,0.2
50.79,45.5,46.53,46.88,0.4396,MIntRec,mag_bert,bert-base-uncased,2,mag_bert_MIntRec_multi-class_2_2025-08-25-02-01-14,1e-05,0.5,8,2048,5,0.1,0.2
49.66,44.8,46.68,45.01,0.4703,MIntRec,mag_bert,bert-base-uncased,2,mag_bert_MIntRec_multi-class_2_2025-08-25-02-16-23,2e-05,0.5,8,2048,5,0.1,0.2
13.48,2.19,1.38,5.72,0.0259,MIntRec,mag_bert,bert-base-uncased,2,mag_bert_MIntRec_multi-class_2_2025-08-25-02-29-28,2.5e-05,0.5,8,2048,5,0.1,0.2
47.42,45.55,50.81,43.87,0.493,MIntRec,mag_bert,bert-base-uncased,2,mag_bert_MIntRec_multi-class_2_2025-08-25-02-34-01,3e-05,0.5,8,2048,5,0.1,0.2
51.91,46.74,46.09,48.69,0.4635,MIntRec,mag_bert,bert-base-uncased,2,mag_bert_MIntRec_multi-class_2_2025-08-25-02-53-07,1e-05,0.45,8,2048,5,0.1,0.2
55.73,50.42,51.29,52.08,0.4739,MIntRec,mag_bert,bert-base-uncased,2,mag_bert_MIntRec_multi-class_2_2025-08-25-03-07-29,2e-05,0.45,8,2048,5,0.1,0.2
47.19,44.81,47.86,44.17,0.4569,MIntRec,mag_bert,bert-base-uncased,2,mag_bert_MIntRec_multi-class_2_2025-08-25-03-20-54,2.5e-05,0.45,8,2048,5,0.1,0.2
46.74,44.06,45.62,45.82,0.4536,MIntRec,mag_bert,bert-base-uncased,2,mag_bert_MIntRec_multi-class_2_2025-08-25-03-42-12,3e-05,0.45,8,2048,5,0.1,0.2
50.79,45.78,47.35,47.42,0.4571,MIntRec,mag_bert,bert-base-uncased,2,mag_bert_MIntRec_multi-class_2_2025-08-25-03-59-20,1e-05,0.4,8,2048,5,0.1,0.2
51.24,49.02,50.18,50.92,0.5023,MIntRec,mag_bert,bert-base-uncased,2,mag_bert_MIntRec_multi-class_2_2025-08-25-04-13-41,2e-05,0.4,8,2048,5,0.1,0.2
51.01,46.72,51.6,45.01,0.5005,MIntRec,mag_bert,bert-base-uncased,2,mag_bert_MIntRec_multi-class_2_2025-08-25-04-31-13,2.5e-05,0.4,8,2048,5,0.1,0.2
45.39,41.14,41.81,41.66,0.448,MIntRec,mag_bert,bert-base-uncased,2,mag_bert_MIntRec_multi-class_2_2025-08-25-04-51-36,3e-05,0.4,8,2048,5,0.1,0.2
49.66,47.2,50.96,47.6,0.4742,MIntRec,mag_bert,bert-base-uncased,2,mag_bert_MIntRec_multi-class_2_2025-08-25-05-08-54,1e-05,0.35,8,2048,5,0.1,0.2
50.79,46.69,48.65,46.56,0.5038,MIntRec,mag_bert,bert-base-uncased,2,mag_bert_MIntRec_multi-class_2_2025-08-25-05-28-11,2e-05,0.35,8,2048,5,0.1,0.2
49.44,43.57,43.41,44.89,0.4921,MIntRec,mag_bert,bert-base-uncased,2,mag_bert_MIntRec_multi-class_2_2025-08-25-05-46-56,2.5e-05,0.35,8,2048,5,0.1,0.2
51.01,46.32,50.02,45.5,0.4632,MIntRec,mag_bert,bert-base-uncased,2,mag_bert_MIntRec_multi-class_2_2025-08-25-06-03-11,3e-05,0.35,8,2048,5,0.1,0.2
